Price,Close,Close,Close,Close,Close,Close,Close,Close,Close,Close,Close,Close,Close,Close,Close,Close,Close,Close,Close,Close,Close,Close,Close,Close,Close,Close,Close,Close,Close,Close,Close,Close,Close,Close,Close,Close,Close,Close,Close,Close,Close,Close,Close,Close,Close,Close,Close,Close,Close,High,High,High,High,High,High,High,High,High,High,High,High,High,High,High,High,High,High,High,High,High,High,High,High,High,High,High,High,High,High,High,High,High,High,High,High,High,High,High,High,High,High,High,High,High,High,High,High,High,Low,Low,Low,Low,Low,Low,Low,Low,Low,Low,Low,Low,Low,Low,Low,Low,Low,Low,Low,Low,Low,Low,Low,Low,Low,Low,Low,Low,Low,Low,Low,Low,Low,Low,Low,Low,Low,Low,Low,Low,Low,Low,Low,Low,Low,Low,Low,Low,Low,Open,Open,Open,Open,Open,Open,Open,Open,Open,Open,Open,Open,Open,Open,Open,Open,Open,Open,Open,Open,Open,Open,Open,Open,Open,Open,Open,Open,Open,Open,Open,Open,Open,Open,Open,Open,Open,Open,Open,Open,Open,Open,Open,Open,Open,Open,Open,Open,Open,Volume,Volume,Volume,Volume,Volume,Volume,Volume,Volume,Volume,Volume,Volume,Volume,Volume,Volume,Volume,Volume,Volume,Volume,Volume,Volume,Volume,Volume,Volume,Volume,Volume,Volume,Volume,Volume,Volume,Volume,Volume,Volume,Volume,Volume,Volume,Volume,Volume,Volume,Volume,Volume,Volume,Volume,Volume,Volume,Volume,Volume,Volume,Volume,Volume
Ticker,AAPL,ADBE,AMZN,AVGO,AXP,BA,BAC,BLK,C,CAT,COP,CRM,CSCO,CVX,EOG,GE,GOOGL,GS,HD,HON,INTC,JNJ,JPM,KO,LOW,MCD,META,MMM,MS,MSFT,NFLX,NKE,NVDA,ORCL,PEP,PFE,PG,PNC,PYPL,QCOM,SBUX,SLB,TGT,TXN,UNP,USB,WFC,WMT,XOM,AAPL,ADBE,AMZN,AVGO,AXP,BA,BAC,BLK,C,CAT,COP,CRM,CSCO,CVX,EOG,GE,GOOGL,GS,HD,HON,INTC,JNJ,JPM,KO,LOW,MCD,META,MMM,MS,MSFT,NFLX,NKE,NVDA,ORCL,PEP,PFE,PG,PNC,PYPL,QCOM,SBUX,SLB,TGT,TXN,UNP,USB,WFC,WMT,XOM,AAPL,ADBE,AMZN,AVGO,AXP,BA,BAC,BLK,C,CAT,COP,CRM,CSCO,CVX,EOG,GE,GOOGL,GS,HD,HON,INTC,JNJ,JPM,KO,LOW,MCD,META,MMM,MS,MSFT,NFLX,NKE,NVDA,ORCL,PEP,PFE,PG,PNC,PYPL,QCOM,SBUX,SLB,TGT,TXN,UNP,USB,WFC,WMT,XOM,AAPL,ADBE,AMZN,AVGO,AXP,BA,BAC,BLK,C,CAT,COP,CRM,CSCO,CVX,EOG,GE,GOOGL,GS,HD,HON,INTC,JNJ,JPM,KO,LOW,MCD,META,MMM,MS,MSFT,NFLX,NKE,NVDA,ORCL,PEP,PFE,PG,PNC,PYPL,QCOM,SBUX,SLB,TGT,TXN,UNP,USB,WFC,WMT,XOM,AAPL,ADBE,AMZN,AVGO,AXP,BA,BAC,BLK,C,CAT,COP,CRM,CSCO,CVX,EOG,GE,GOOGL,GS,HD,HON,INTC,JNJ,JPM,KO,LOW,MCD,META,MMM,MS,MSFT,NFLX,NKE,NVDA,ORCL,PEP,PFE,PG,PNC,PYPL,QCOM,SBUX,SLB,TGT,TXN,UNP,USB,WFC,WMT,XOM
Date,,,,,,,,,,,,,,,,,,,,,,,,,,,,,,,,,,,,,,,,,,,,,,,,,,,,,,,,,,,,,,,,,,,,,,,,,,,,,,,,,,,,,,,,,,,,,,,,,,,,,,,,,,,,,,,,,,,,,,,,,,,,,,,,,,,,,,,,,,,,,,,,,,,,,,,,,,,,,,,,,,,,,,,,,,,,,,,,,,,,,,,,,,,,,,,,,,,,,,,,,,,,,,,,,,,,,,,,,,,,,,,,,,,,,,,,,,,,,,,,,,,,,
2010-03-31,7.041306018829346,35.369998931884766,6.78849983215332,1.4452850818634033,32.935176849365234,56.966697692871094,13.775030136108398,144.38482666015625,29.895294189453125,42.28427505493164,22.40745735168457,18.34319305419922,16.751972198486328,39.9583625793457,32.4743766784668,63.44542694091797,14.07585620880127,128.40528869628906,22.10049819946289,28.77881622314453,14.547825813293457,40.83803939819336,29.53311538696289,16.833681106567383,17.99998664855957,43.227935791015625,,43.346797943115234,20.641292572021484,21.941757202148438,1.0534290075302124,14.881874084472656,0.3988012969493866,20.679393768310547,40.93811798095703,8.414392471313477,39.474327087402344,37.75381088256836,,27.983076095581055,9.004523277282715,43.19221878051758,33.63469696044922,16.098892211914062,25.948415756225586,15.818339347839355,20.468399047851562,13.335307121276855,36.687862396240234,7.089547163028468,35.70000076293945,6.840000152587891,1.4537206569236079,33.20657688838194,57.31974603191177,13.875351834649521,147.05027318244728,30.33818631036851,42.72158363048723,22.521312935653544,18.606822493750972,17.125239288027082,40.12171474268336,32.848247694421126,64.00319063137874,14.140884815297893,129.1804002641711,22.29861767438595,29.103030180090087,14.684884134351272,40.906938316439145,29.698104858398438,16.922440796251017,18.0742443031925,43.662028076647644,,43.808431399030354,20.79633081205741,22.263878067547058,1.0722860097885132,15.00335846192498,0.4043020156108697,20.743741859538794,41.2784410801619,8.473268457379751,39.72388675819667,37.94352804029292,,28.156471227180166,9.104697375385472,43.260282455265596,34.31890069670773,16.2962639414939,26.058155799866864,15.891686104353052,20.494707391001988,13.407260493708925,36.80288803267403,7.025126425204861,35.27000045776367,6.723999977111816,1.4178696305163845,32.59193857901549,56.44888707753538,13.636122036650928,143.68863677538695,29.600030898283247,42.136265014314795,22.319877650300995,18.303772795820503,16.706921685135757,39.56315262008343,32.3835287433758,63.201404979490675,13.968882633014028,127.8183112270734,21.99802449614741,28.670744004550432,14.489086177167808,40.5248642347757,29.203136444091797,16.680647641962224,17.940580808122622,43.16962215720933,,43.2326875786165,20.295977867689984,21.851862043520516,1.05314302444458,14.83732945229668,0.39673851720546427,20.349617471480464,40.87623676212507,8.38495398510728,39.4181757449736,36.855812797841466,,27.903048943160012,8.978552372068096,42.83829546091903,33.404499555889934,16.0396808185252,25.6793727741591,15.671647000619108,20.11322700649081,13.311323121264975,36.47971718644933,7.0559886279977215,35.619998931884766,6.800000190734863,1.4333347955938776,32.73561808670663,57.20990850484595,13.651556597017466,145.05450928604486,30.11674024991082,42.22372467626172,22.424974606741504,18.550155519878253,17.067318426934467,39.76866147727713,32.670046693305245,63.48028959952674,14.024479154683023,127.9311870931556,22.23030187217563,29.007672181399013,14.567404862099972,40.61255289823875,29.242734823550563,16.76940733164586,18.01483846275555,43.506533291647685,,43.59576773216922,20.40168716387081,22.20394843807347,1.0614290237426758,14.879848907167112,0.4024684427237087,20.373748005691056,41.25987860286198,8.429111714416575,39.636540754418654,36.95067258289601,,28.003084791699294,9.060175318121772,43.17180097627503,34.2165899260321,16.171261971578424,25.969655067684414,15.714432122832454,20.11322700649081,13.385674070260375,36.66595215421217,430659600,4436700,92012000,6620000,6882700,5884600,114280900,324800,55035890,6660800,16079803,4547200,54745100,9875500,6341600,12356239,121110768,8243200,10342100,9926799,45983800,11939100,39043000,22922000,9008600,5765600,,5186693,12761400,63760000,57148000,7916000,389840000,27196400,8123900,62218779,8193800,3886900,,14932000,15088600,11957700,6467400,9899700,5456200,8451300,28384000,29900700,22352500
2010-06-30,7.536593914031982,26.43000030517578,5.4629998207092285,1.4804332256317139,31.8328800201416,49.51667404174805,11.096667289733887,95.66133117675781,27.754636764526367,40.66604995727539,21.718196868896484,21.144561767578125,13.71435546875,36.09247589111328,34.42137145996094,50.58745574951172,11.043610572814941,99.03251647949219,19.311141967773438,24.978513717651367,12.783799171447754,37.33013153076172,24.18808937072754,15.469856262207031,15.21544075012207,43.03579330444336,,41.228824615478516,16.383962631225586,17.3150634765625,1.5521429777145386,13.727925300598145,0.23400931060314178,17.2940616607666,38.004966735839844,7.070188045501709,37.70969772338867,35.78599548339844,,22.01844024658203,9.052997589111328,37.79782485961914,31.537063598632812,15.3855562210083,24.72573471069336,13.690042495727539,16.86334991455078,11.596266746520996,31.472017288208008,7.729555261411683,27.200000762939453,5.633999824523926,1.4980072867734344,32.55453036290915,50.668774420506345,11.428718114996231,98.09623180062297,28.492792027581206,41.93199752462039,22.249095847115903,21.575731462577476,13.984652535270483,36.73071433105273,35.464123691563195,51.53465119478763,11.363290345433802,101.31840353881417,19.85463395210832,25.5416974387987,13.165012654906386,37.677770260593746,24.76950275851886,15.611839081081955,15.543295893655976,43.66953312471925,,41.8708224160782,16.800444356073402,17.819239649310635,1.6184289455413818,14.05105409362074,0.2431771492356864,17.69699880891587,38.491329775874426,7.179264849855758,38.061773126400574,36.87541063234573,,22.561526932166352,9.429274540722263,38.67207801370279,32.120729338629886,15.907659906419564,25.298435714177547,14.149439887072035,17.423266072622443,11.81338096255723,31.835983062153023,7.491050709117866,26.31999969482422,5.4054999351501465,1.4530177706979905,31.736660586191395,49.38252672829213,11.042612778249314,95.40116477257494,27.38555913299895,40.55773362930681,21.665107856629376,20.9154257973313,13.669306162246842,36.06056518646262,34.30939801221189,50.34188449153431,11.037902326362484,98.84391186066027,19.256104921072524,24.664920219431302,12.75093518361247,37.254281239366605,24.12201823554892,15.435903874594127,15.170733682753097,42.990059400204444,,40.8217024327246,16.33454977342998,17.269913778560838,1.54271399974823,13.677118769582597,0.23400931060314178,17.23765070595902,37.7243717594241,7.025565467262648,37.53994721113208,35.65931890996078,,21.94468744954002,9.041821503301552,37.57926157109823,31.325406718078778,15.30624867787525,24.668819044163783,13.659415301986451,16.81065199710977,11.581792189377966,31.389296933538954,7.691801815168095,26.81999969482422,5.428999900817871,1.4684829377987578,31.929099454091812,49.75340654269307,11.289719958107344,96.63529346211438,28.12371439605379,41.309179284417276,21.99691861107297,20.957310402276782,13.84950461576101,36.28394823465933,35.082715052862774,50.762859003913405,11.292056915677222,100.85065625628256,19.627605970443714,24.696920498600914,12.948115349725319,37.3174898155292,24.458974724069616,15.550107574279453,15.334660543914026,43.31019672987684,,40.8217024327246,16.56749706475169,17.533288212973055,1.5712859630584717,13.807183364943018,0.2406559826828109,17.439119280033655,38.210734799458685,7.050355400885255,37.80400436297038,36.356038855790544,,22.125716344734794,9.343587900115846,37.79782485961914,31.45368487580668,15.868006765128355,24.95339194903496,13.904428178683235,17.159775228999926,11.810968076243476,31.61539895581223,739452000,17468400,194814000,13444000,8975500,7102200,138978000,311400,53205360,9630300,19329634,15501600,57128000,12871000,7370200,17020191,143983872,9139800,20940900,9137312,64294700,15802100,35332500,21933800,11343100,7204900,,8303708,19768000,81050500,261044000,18551200,623072000,35301600,8760700,53420304,17273600,3691300,,19652800,33930000,13046800,9576100,17478500,7521000,13731000,37501000,55166400,43944900
2010-09-30,8.502007484436035,26.149999618530273,7.853000164031982,1.5823620557785034,33.701141357421875,52.82646560668945,10.124080657958984,114.37734985351562,28.861862182617188,53.61931610107422,25.66726303100586,27.54558563232422,14.094053268432617,43.51094436645508,32.57908630371094,57.42911911010742,13.050049781799316,109.34766387939453,21.980024337768555,28.323274612426758,12.715749740600586,39.5324821472168,25.180490493774414,18.199403762817383,16.700490951538086,49.04526138305664,,45.54262161254883,17.45395278930664,18.52705955505371,2.316570997238159,16.347732543945312,0.2677012085914612,21.684123992919922,41.740394592285156,8.607808113098145,37.998477935791016,32.93199157714844,,30.41049575805664,9.568748474121094,42.239383697509766,34.444862365722656,18.021137237548828,29.230684280395508,13.2732572555542,16.576644897460938,12.986357688903809,34.31875991821289,8.689276244870475,26.31999969482422,8.046500205993652,1.616807094634659,34.87984039081089,53.961750561596865,10.348201491478813,115.55303480061491,29.600017254457402,54.57339749490905,25.917545539093762,28.678945636069503,14.338608309043018,44.122942492958664,33.23788583007046,58.984123463041,13.200953669001416,111.16280928388852,22.36162144950753,28.935635214734226,12.980660930363891,40.00462713713224,25.76931393996153,18.398440112937973,16.910276365985144,49.348049930729466,,46.22016894508651,17.82170251896615,18.78427487292203,2.491429090499878,16.48236647741627,0.27893183021094914,22.13638088986373,42.2869619937056,8.773246577336321,38.429342969417746,33.47123531963788,,30.828277154951007,9.774729795783774,43.1649331695848,34.85093086570652,18.193779091338286,29.645201108437,13.500412242443685,16.91319190350853,13.100401573126131,34.679774889355656,8.42709982024247,25.700000762939453,7.78000020980835,1.5704117703791503,33.661050198609594,52.43745365986617,10.085438982449636,113.87348487618736,28.71423342091965,53.29901686463517,25.42145125122102,27.533265745862007,13.946033822932213,43.124418371659154,32.137549057286,57.07571158724274,12.879536391209555,109.13589730021734,21.938395874733118,28.168574023575303,12.656144565004318,39.270888992154234,25.114328996347002,18.11543508016959,16.57312062317125,48.62398992351602,,45.2800069618087,17.369086948271068,18.428713200780965,2.3125710487365723,16.219219608073896,0.2654092483412377,21.651819158662867,41.62102709399542,8.602794093326196,37.91610603954532,32.80510998477884,,30.167912182278073,9.505081624054084,42.01999415427228,34.30950701865172,17.755534872677345,28.98411652043239,13.205724122215242,16.510654819520923,12.894152349768875,34.14102901454148,8.65931333921284,26.25,8.000499725341797,1.573223572661592,34.7595638556147,53.26310993887387,10.209091754456622,114.20268035179248,29.230939718537297,54.546137432305166,25.872851674957467,28.2650226395994,14.190587636041531,43.854522118324816,33.10822999811895,58.17128334736999,13.1336918995193,109.85439187531233,22.118786322335012,28.587556153304813,12.808468341218694,39.87064093344413,25.464978623204626,18.305141972112725,16.700490951538086,49.05184014008402,,46.104614856393994,17.461025055134336,18.617842026099527,2.4549999237060547,16.321214446284845,0.27572306946724345,22.03139325928686,42.06079451963319,8.763219545635597,38.22024563673713,33.17306636064417,,30.37006430525898,9.711062945716764,42.65073843724763,34.6253386205883,17.855135601192654,29.54871961288929,13.420601315668419,16.65583198406412,12.988783268296501,34.40762537004859,673391600,17408200,152120000,10464000,12293300,8214300,148937800,728700,47868000,11940800,12823675,13821600,56848900,10120300,5975800,12311585,129634236,6854400,11401200,6048138,75382200,12845600,54885200,15849600,11853300,7237700,,4347101,21464700,61262700,720027000,13493200,787632000,42880900,7002300,41796686,13101700,5454000,,35751700,16740600,10171200,7182400,19052400,5448200,12751500,37365700,32703000,25460200
2010-12-31,9.66486930847168,30.780000686645508,9.0,2.002417802810669,34.57735824584961,52.12398147583008,10.318982124328613,128.82582092285156,34.91474914550781,64.17955780029297,30.711244583129883,32.522518157958984,13.01930046081543,49.40589141845703,32.082706451416016,65.14823913574219,14.742268562316895,127.46157836914062,24.513612747192383,34.48208236694336,14.036750793457031,39.80188751220703,28.10126495361328,20.595462799072266,18.887231826782227,50.92181396484375,,45.61153793334961,19.28306007385254,21.24407958984375,2.509999990463257,17.486644744873047,0.35296210646629333,25.324440002441406,41.35015106201172,8.869016647338867,41.07444763183594,38.59386444091797,,33.4810791015625,12.084053039550781,57.40568923950195,38.93789291381836,21.675922393798828,33.25067138671875,16.588314056396484,20.48969268798828,13.158209800720215,40.86725616455078,9.692435109702513,30.799999237060547,9.114999771118164,2.036954416405198,34.617641878370044,52.147941876767604,10.34992357010177,128.8393431539198,35.13619519782838,64.34401387724671,30.92771236026533,32.5644027680828,13.025736248627373,49.703682005360776,32.33189900469618,65.36195522649022,14.852717204922309,127.94668380790945,24.527596873181572,34.61829879631114,14.056773873597278,39.95633407719883,28.121140269019172,20.604859118146013,18.917355693095892,50.988151947572376,,45.97093581801407,19.375188647556225,21.251691401360905,2.567713975906372,17.572624128287664,0.35342052024440207,25.348713184789812,41.489399239800335,8.909537409288966,41.15106403190908,38.78454510058083,,33.711096713550006,12.21568702599463,57.62568688067338,39.02207417180546,21.762626795755036,33.347558601259074,16.668273218445655,20.516140137889757,13.236284112903448,41.08522941895586,9.627415087149362,30.420000076293945,8.975500106811523,1.9939598017526758,34.15843674116614,51.61280594351949,10.22615778700914,126.64920587067313,34.8409347333474,63.93971970427842,30.58948174057948,31.94598351107561,12.922766098638304,49.270532811831124,32.047606721256265,64.57832388989775,14.694118776835301,126.58989676306354,24.212960706423104,34.19667664606509,13.976679006866384,39.737536208786615,27.849534544351712,20.46707510756345,18.691431004898412,50.64318633936167,,45.45826949041896,19.21928052119242,21.030953222777157,2.50757098197937,17.4252315689376,0.3433358816053416,25.02507846953796,41.16026630521453,8.82849588538877,40.87012911274465,38.51123526603081,,33.14958214459668,12.01635515089313,57.061942597349244,38.67886719781358,21.5625418671174,32.99230183090763,16.514506862506384,20.271506270636376,13.124051329318695,40.81136208773358,9.676554750290283,30.520000457763672,9.097999572753906,2.036954416405198,34.24705274236592,51.836444477193744,10.233892595175735,127.28461664315805,35.06238078566796,64.29604730363668,30.634579758325927,32.44367388513638,13.025736248627373,49.584565770599276,32.16693991278581,64.64956258681376,14.811019108569107,127.02194975809606,24.289872065763987,34.339378129634966,14.036750793457031,39.834065618762104,27.895906068534554,20.46707510756345,18.80439263080465,50.888642442847605,,45.73309749322847,19.290146991190614,21.160351114959624,2.557857036590576,17.482551157880682,0.3437942680611367,25.259713059391036,41.17292786445165,8.833560726066757,40.91482363656657,38.625644146755754,,33.58255586581387,12.18936022870586,57.281940238520676,38.81485458710255,21.675922393798828,33.01383171463266,16.588314056396484,20.31117618440477,13.167968566204198,40.88961294245379,193508000,2841300,69038000,6177000,3464000,2137400,63036100,480700,16923250,2542700,6363892,8038800,28677200,5152900,2042400,5649338,61510428,1636300,5411300,1810457,15743700,4981400,12199700,10773400,5001000,2485100,,2142634,6643200,24752000,215628000,5796000,391252000,11716300,2977400,25123776,5245600,1329500,,6304700,6346200,3385000,1988200,3312700,2538800,4360000,12108400,21281700,15273700
2011-03-31,10.442407608032227,33.15999984741211,9.006500244140625,2.1976749897003174,36.563934326171875,59.39189147949219,10.318658828735352,136.82217407226562,32.62645721435547,76.66024780273438,36.33465576171875,32.911800384521484,11.075782775878906,58.63651657104492,41.6609001159668,71.9115219116211,14.563318252563477,120.47068786621094,26.088882446289062,38.956844329833984,13.583444595336914,38.47353744506836,30.57417106628418,20.924571990966797,19.993459701538086,50.89008331298828,,49.71411895751953,19.394439697265625,19.440181732177734,3.3968570232391357,15.551420211791992,0.42309626936912537,27.091243743896484,41.079795837402344,10.39542007446289,39.622920989990234,40.10165786743164,,37.215126037597656,13.952508926391602,64.29345703125,32.534095764160156,23.137481689453125,35.43081283569336,16.332155227661133,21.043973922729492,12.788532257080078,47.268611907958984,10.481059571077147,33.29999923706055,9.078499794006348,2.2471404661389256,37.21917098627974,59.82570286379406,10.365104729946847,136.84259344600363,32.847903189544276,77.09398225352166,37.21731530530245,33.005427010339965,11.269528990566922,59.81481309205997,42.21984600596407,72.27018037699652,14.598065247689343,121.58728339841218,26.370466172114917,39.11342755664739,13.711336651254978,38.76574202233858,30.73334357423466,21.085433869233228,20.34899932404287,51.13085689605119,,49.804505177302055,19.58611274466041,19.662224687509507,3.424285888671875,15.7383667099987,0.428138603941181,27.253321798586754,41.602780127650526,10.502906308246217,39.88021367259369,40.26081668946236,,37.29657369809982,13.97894116852187,65.69293844129288,32.69673372084927,23.338327365914896,35.81636107341944,16.47428115209251,21.103701482451452,12.85487057576632,47.723714988006876,10.368998561904768,32.79999923706055,8.925000190734863,2.177182337194089,36.49112990995454,59.02234981044186,10.287695140671874,134.84142211590543,32.478825625616814,76.2953637586139,36.32100661031468,32.44613724792677,11.075782775878906,58.56014596267018,41.62926020183704,71.58872643790407,14.438721483156483,119.49841594013574,25.912891610620267,38.85897842816771,13.421897343375726,38.44756315441219,30.48132149079689,20.80471548924172,19.864860018019513,50.66937844738789,,49.10797819699725,19.202766649870835,19.401899169031097,3.3577139377593994,15.534986612126533,0.4153036151942941,26.7022582674689,41.04152537114566,10.349355133681616,39.616489777101336,39.598715406957545,,36.88254399102096,13.78258634094762,64.21762259684029,32.37796471546724,23.016973772797797,35.08490062933718,16.208566749860843,20.92452006907541,12.749220764961553,47.25737675294381,10.377986869525431,32.880001068115234,8.965499877929688,2.2280610070590603,37.07356523969325,59.29548690661486,10.334141041883369,134.84142211590543,32.77408880309412,76.2953637586139,36.7714354369166,32.638315446553065,11.18557192799528,59.62933864180271,41.91752216087342,72.01911659635459,14.46999529214063,119.5439893756712,26.250793692855513,38.891601318661735,13.657487567267914,38.44756315441219,30.541010865033172,20.80471548924172,20.333869610017405,50.72287971934175,,49.13456038154843,19.2311632586811,19.600971710243186,3.389714002609253,15.713713959484823,0.42355468329191026,26.742777008296024,41.51348561699873,10.374946653118961,39.72583757228664,39.91703305101899,,37.03186685958696,13.835450825208156,64.9828571551888,32.57312976716252,23.24459955382549,35.09570995624427,16.393949466561274,20.977611092629395,12.813101588181691,47.65629119814285,274019200,7720000,96530000,15803000,5997300,4199200,86180900,2705100,33507430,5168600,11034524,10954800,64974000,8418500,5689400,8542668,81094824,3317700,8917300,3578513,87528000,9680200,23340500,17723000,12918300,4505700,,3830668,8633700,63233700,248227000,13097200,655112000,38234200,7403500,43272602,11569500,3621000,,13222200,12757800,7492400,6268100,6210400,4726600,10263600,21679800,32699100,15317800
2011-06-30,10.057685852050781,31.450000762939453,10.224499702453613,2.692342758178711,42.14066696166992,59.705528259277344,8.491284370422363,131.46571350097656,30.744375228881836,73.59886932373047,34.52283477783203,36.706092834472656,10.081220626831055,56.53373336791992,36.80735397338867,68.19972229003906,12.568294525146484,101.35391235351562,25.6892147064209,39.09931564331055,15.033348083496094,43.56890106201172,27.29922866821289,21.377880096435547,17.70528221130371,56.81486129760742,,50.72917175292969,16.366436004638672,20.0377197265625,3.752713918685913,18.555042266845703,0.3653387725353241,26.717636108398438,45.246910095214844,10.645923614501953,41.22919845581055,38.16339874267578,,38.69318389892578,14.96489143371582,59.739479064941406,30.666194915771484,22.05915069580078,37.792991638183594,15.844258308410645,18.697725296020508,13.142729759216309,45.98283386230469,10.071469956207466,31.600000381469727,10.260000228881836,2.741938499153487,42.238478082553634,59.84281799873484,8.66173006589759,132.47324575574345,31.01017719837049,73.92379472972334,34.559566228047416,36.861315135304096,10.113511655996207,56.588709239104716,36.90592895072841,68.3443654506745,12.57549249540525,101.8946138354287,25.7530477590305,39.33552696870594,15.07405173252798,43.82434571149584,27.385914769938218,21.441418671573057,17.94834034232906,57.21240628915943,,50.84148572443812,16.714960551206342,20.0377197265625,3.7857139110565186,18.647837466702093,0.3692350991164437,26.741990300822206,45.285454808090904,10.72861111601382,41.28108474470808,38.18900805107557,,38.73406251365952,15.078577324371446,60.00913600894348,30.666194915771484,22.092746207329213,38.227392729830335,15.906368534233069,18.85764867010759,13.147675855315288,45.999788639304306,9.972891368737251,31.049999237060547,10.024999618530273,2.632119273962502,40.893561955624804,58.87370598184628,8.398314192579866,130.11548348495032,30.426889856051968,71.42809713941026,34.12797455999468,36.19361637792747,9.906850054779476,55.676163461534664,36.346160063739624,67.11489282856073,12.447173778298124,100.14305989347166,25.490621484083878,38.55472233921406,14.572035747982476,43.39206014766297,26.91914677930764,21.22856177863699,17.614136136539575,56.76095602066984,,49.926917944450985,16.167278539464615,19.77568788946463,3.7257139682769775,18.398319981509594,0.3561709324280692,26.39289909044682,44.91926533152894,10.620084354678339,40.58712171218732,37.33111575758719,,37.821069530866744,14.938363328488128,59.11719178063443,30.41124293668614,21.467859952842087,37.27170811872368,15.688983336181595,18.56445645309361,12.996809310356282,45.3556407512763,10.028622258859953,31.209999084472656,10.038999557495117,2.6781725464716324,41.54564438647483,58.95446428967634,8.653982366362058,132.15110902349522,30.707458914571575,71.45575092656077,34.137155699361706,36.255212051654034,9.919766096905445,55.95652446711066,36.45529894805149,67.22337232068101,12.459335605050713,101.32345569915415,25.667935218489117,38.574404991429816,14.572035747982476,43.50340461214399,27.152532046463385,21.279394577820018,17.819215529129252,57.070903652025734,,49.94295931163393,16.714960551206342,19.83734235290187,3.7814290523529053,18.398319981509594,0.36167162556349464,26.490322053985338,45.05417672800828,10.687266845792248,40.684404792758556,37.67043054605115,,37.92327126589726,15.040681063756551,59.11719178063443,30.509300047387015,21.467859952842087,37.427369016237144,15.813202603172419,18.744369454592825,13.024014961688696,45.42344692656921,322954800,5519700,88962000,26329000,7579000,4245300,255993900,782100,32214600,10598400,9932881,7045200,52609600,7697700,3776600,9398015,97038864,4980900,11945200,4326935,53930200,9747200,28000100,15594600,11038900,4968000,,5025353,22250600,52535400,179669000,17715200,652300000,22182400,5280400,48851214,11807400,3946100,,12463000,11001200,8670400,7011500,11609100,4759200,11824600,29556000,29952900,19942100
2011-09-30,11.425496101379395,24.170000076293945,10.81149959564209,2.328798532485962,36.59798812866211,49.19906997680664,4.7473297119140625,102.28756713867188,18.92115020751953,51.26335906982422,29.33055877685547,28.156614303588867,10.048197746276855,51.306793212890625,25.039926528930664,55.56495666503906,12.783235549926758,72.22179412841797,23.485944747924805,29.02100372314453,14.618392944335938,42.08695983886719,20.20774269104004,21.61005401611328,14.780354499816895,59.57344436645508,,38.65471649169922,9.629796028137207,19.303325653076172,1.6181429624557495,17.696584701538086,0.28672438859939575,23.373579025268555,40.0869026184082,9.238752365112305,41.31193923950195,31.039390563964844,,33.28234100341797,14.18139934539795,41.43315124511719,32.25849914550781,17.98360824584961,29.72235107421875,14.697017669677734,16.143590927124023,12.928910255432129,41.30975341796875,11.652316902881523,24.700000762939453,11.149999618530273,2.3721482321550957,37.61686304193935,50.55690416510141,4.902471430600222,104.74784052281662,19.57105636512816,52.68657206750106,29.94199937561921,29.154464978026933,10.223231165063607,52.53142181157523,25.65702088335079,57.426858991814264,13.005621614098262,75.16260627244812,24.043264444336913,29.972728413733662,15.118459489851022,42.78080937056551,20.76459609158801,22.102645848144462,15.170115829619814,61.16758583589029,,39.812364526091045,10.321202051585514,19.776408847890895,1.6535710096359253,18.261566568223863,0.29680899845039554,24.186855963731077,40.79279484609374,9.432096263736074,42.10966978806728,31.677055009547132,,34.42528666068969,14.576912028170009,42.48753613280894,32.81762790854249,18.435729036439856,30.672214624898885,15.071622080594336,16.779428090153807,13.100798592509797,42.42454182414895,11.421301183508014,24.139999389648438,10.760499954223633,2.3046365047942152,36.57353301637902,49.150287557940814,4.739572829417138,102.01113714029218,18.913764734194604,50.83987192513666,29.17306794135533,27.8560271125828,10.035232033075214,51.26800435870161,24.525093847509737,55.45543675941521,12.766853310387763,72.15304481285791,23.464510318476492,28.96151987779205,14.611542556600103,41.73012459336901,20.201033459749702,21.61005401611328,14.772711949310862,59.5666593321993,,38.61164047331587,9.61553989745841,19.295570021117754,1.5375709533691406,17.690376352508647,0.28626597488791516,23.373579025268555,40.05452026918321,9.228300804112083,41.30539907422461,31.03939056396484,,33.28234100341797,14.14717225841324,41.19036638282089,32.23876344741127,17.976860020665594,29.71871375026073,14.697017669677733,16.13689774310127,12.881580275050107,41.30975341796876,11.599281555557022,24.600000381469727,10.909500122070312,2.353671327650093,37.55980629554458,50.00401400601034,4.7938721165540645,103.22053683717824,19.393809231234897,50.999546277115336,29.17306794135533,28.573001662908823,10.132473027369821,51.51182242941428,25.17392319166174,57.13479816091797,12.911553319128764,75.07094246093298,23.757459332041496,29.093703083195606,15.022556674705077,41.77638106076301,20.623704793800922,21.894733346776814,15.024910285340107,59.688764071479625,,39.7962125545558,10.27843501908857,19.543745806080516,1.560286045074463,18.000806435413065,0.2952046324271424,23.796483405557705,40.39127644362668,9.280556508085754,41.45579294349693,31.477381758350724,,33.8503911042986,14.314503877710376,41.62044355866998,32.718959455287035,18.145561788988935,30.424740543177947,14.884319875136034,16.451469732604785,12.916454847391588,41.38369627705187,547640800,6563300,131006000,51674000,7858200,5464300,175213100,1095600,41243300,10537000,13489278,12290400,50447300,11918800,7677800,15812330,108835056,5780200,10915500,6103338,64453700,14556100,42420600,25026200,14668600,8776100,,8592662,51532900,54060500,768817000,13958800,677784000,42188000,7405600,47745989,11358100,5468300,,18776200,17043200,14907900,8794500,11801600,7567000,18362300,40205200,40857900,30917000
2011-12-31,12.135016441345215,28.270000457763672,8.654999732971191,2.0595428943634033,38.60829544067383,60.01921081542969,4.32144021987915,124.1715087890625,19.437252044677734,63.24717330932617,34.08580017089844,24.997987747192383,11.767216682434082,59.42542266845703,34.80592727661133,66.0199966430664,16.031164169311523,69.34209442138672,30.273374557495117,36.16728210449219,16.759384155273438,43.738075256347656,22.50405502319336,22.543508529663086,19.526960372924805,68.57164764404297,,44.31775665283203,10.817014694213867,20.284778594970703,0.989857017993927,20.019025802612305,0.3176659345626831,20.902267456054688,43.319183349609375,11.421882629394531,43.97574234008789,37.4013557434082,,37.58180236816406,17.56604766845703,47.55662536621094,33.88404846191406,19.7519588470459,38.79961395263672,16.966114044189453,18.535795211791992,14.979948043823242,48.49618911743164,12.173369163263189,28.639999389648438,8.758500099182129,2.080951844350508,39.033911978345074,60.61654178049067,4.336984954206871,125.00051742545917,19.784478664729118,63.81960889084504,34.240161288025014,25.40205521237836,11.903894070969196,60.0397823801287,35.01438701861488,66.64665659653258,16.052508371279725,69.88652462583717,30.475004142097834,36.53327949920096,17.015094926509978,43.97150403300662,22.61911211034486,22.64660865434373,19.803939012996256,68.90654209483066,,44.70817260085189,10.931404693383588,20.409801718414098,1.0084290504455566,20.26207055580918,0.3224790336706314,21.08969482518107,43.54116819568537,11.532723813074293,44.14054425488181,37.88127713938216,,37.781048381727544,17.749307006785866,47.716751026723216,34.22804924854348,19.975873129969425,39.04133181831046,17.166823243077324,18.683759567826787,15.02506796746941,48.799432633063915,12.089772470989157,28.260000228881836,8.624500274658203,2.045270261038667,38.60011188827507,59.92920195435458,4.17376505845795,123.91373979648705,19.422477553121837,63.10755695325721,34.010957991554655,24.95856749387585,11.747690986534238,59.302549873904674,34.55153371673496,65.90941407999115,15.934862716719557,69.11972053220256,30.251769425575493,36.11404632526753,16.759384155273438,43.70472610752537,22.375461352522976,22.543508529663086,19.526960372924805,68.38711024251123,,44.24726447211778,10.724072649433925,20.245709893527746,0.9832860231399536,20.019025802612305,0.3172075207523223,20.877821354006194,43.24736516245076,11.337432810069384,43.89663561041889,37.25867841540574,,37.55431961714164,17.56604766845703,46.74208625644215,33.88404846191406,19.74517340887367,38.605506461998694,16.934753867405067,18.52906944262593,14.96240180527654,48.38747753061029,12.09037094467216,28.260000228881836,8.668000221252441,2.0666792110257717,39.00117464644849,60.43652405834046,4.1893097927856715,124.97961867337028,19.59239618342797,63.3309463185811,34.10918864453336,25.14581698669322,11.838809659351613,59.643241072948896,34.643398656834,66.46234450031801,15.934862716719557,69.41877366069998,30.352586964873915,36.44677277050014,16.883783918675803,43.74474101541956,22.40930152040052,22.553173782273635,19.703919763794428,68.63999270541275,,44.588879663600494,10.824164239616518,20.31603474842541,0.9872859716415405,20.23091060632887,0.3190410940268188,20.96745965202493,43.364885379515066,11.342710658505371,44.08780643510248,37.75156845339022,,37.56806099265285,17.745488315018417,46.811704030427435,34.22804924854348,19.86052326942155,38.733690390325684,17.148006419218255,18.5896000823112,15.012534735030835,48.72505354826432,179662000,3471900,85596000,8364000,3333000,2811800,176441000,252200,26210200,3279800,6077397,8144400,20775000,5009400,2569800,6553617,71220708,4182800,4773800,2331181,21710100,4959700,18196900,7862000,7981200,2957200,,2040974,16065400,27395700,218092000,6609200,186956000,19168800,2632900,26018728,4062300,1827200,,4839700,5366600,5536100,2558900,3809800,3386000,5024800,15071100,13995900,9768900
2012-03-31,17.964326858520508,34.310001373291016,10.125499725341797,2.790801525115967,47.5347900390625,61.21197509765625,7.447331428527832,143.83255004882812,27.010879516601562,74.69315338134766,35.876956939697266,38.06859588623047,13.811131477355957,60.336795806884766,39.31524658203125,74.6366195678711,15.915505409240723,95.6554946899414,36.45174789428711,40.88202667236328,19.589271545410156,44.38008499145508,31.343914031982422,24.0197811126709,24.271352767944336,67.51844024658203,,48.700294494628906,14.080063819885254,25.373445510864258,1.6434290409088135,22.60173797607422,0.35296210646629333,23.81563949584961,43.67439270019531,12.079156875610352,44.65920639038086,42.06322479248047,,46.921775817871094,21.413436889648438,48.85658645629883,38.76972198486328,22.925771713256836,39.57448196411133,19.993135452270508,23.123926162719727,15.443599700927734,49.89495849609375,18.29421881971954,34.689998626708984,10.342499732971191,2.8087049476381027,47.904487438960516,61.2695899883135,7.501805623533546,143.83255004882812,27.195632458328124,74.9806530751701,36.14127735660964,38.677161556105524,13.83725241889388,60.35930795214055,39.44971990224133,74.85974692675954,16.219549196640823,96.50152585402068,36.53144527760895,41.116403528399495,19.81915980723493,44.528109142585286,31.446167946263035,24.061971431306482,24.418311662512313,67.62168050366137,,48.74396520988399,14.266459946647382,25.491426160010615,1.6755709648132324,22.755972921142675,0.35502488650084174,24.085157988914307,43.773130088251456,12.137818410550809,44.83861684558653,42.06322479248047,,47.073448582017214,21.55136586503193,49.19892340596542,38.936058528883756,23.12358470538061,39.94636518095393,19.993135452270508,23.1510198426738,15.499116218081134,49.9122165128125,17.916085697879506,34.2400016784668,10.093500137329102,2.7320779509310693,47.271894806681324,60.726358493929055,7.276128936067403,139.81731146238005,26.789176550350927,74.03401726715371,35.79671461990097,37.67191952359332,13.700119966849869,59.88656578302716,38.487185967371126,74.19035892986923,15.90954840290363,94.54795957017376,36.227138639712805,40.74139999016241,19.51960815391687,44.12441017888251,31.016705146879534,23.792596188371718,24.155333209188033,67.28443389815196,,48.4546386267699,13.879330581366528,25.200411025921486,1.6311429738998413,22.478765689342403,0.3470030278963297,23.71763362079443,43.470339114340206,11.9564979175176,44.52631388761846,41.48272788393608,,46.714953624814164,21.35596745760234,48.067114008621616,38.649959470121004,22.687031087643884,39.46401987823346,19.690209449350274,22.86654137074707,15.372943496863352,49.526768453243896,18.2405849927648,34.689998626708984,10.25100040435791,2.7542782494957403,47.797685271443676,61.17081891309302,7.4784592218974675,141.6073234315942,27.121732409279964,74.81937184573829,35.947756207818834,38.61556587097244,13.791542016717559,60.2411224098622,38.74197467952309,74.6366195678711,16.176363265338985,95.90161295345396,36.227138639712805,41.002562610151564,19.77736097510775,44.15804876475976,31.412084174977853,23.89320768066116,24.333229964298948,67.36702190300134,,48.705753956693414,14.216276637017701,25.483562183574712,1.650143027305603,22.589231322573827,0.35204533355470313,24.060655741262863,43.62831592203474,11.972497005278338,44.61933965345695,41.98495867749439,,47.05276688869558,21.532209387683228,48.821651830092286,38.649959470121004,22.727958721133067,39.72544381836572,19.86060457366732,23.1510198426738,15.410794880047373,49.75113583794524,731038000,5232500,88762000,24210000,5779700,3203800,250234500,658400,23966200,4780300,9034829,6420800,35673900,6121000,3541200,8548197,92335572,4651400,7713000,2987789,43024400,11307700,25945800,26555800,13346000,4429500,,2956273,16142000,31749400,292705000,9274800,527240000,32006100,5949300,35830835,8670300,3385400,,8117900,8967400,10874100,3724100,7785300,4028000,9690000,26891100,20824200,12968300
2012-06-30,17.49839210510254,32.369998931884766,11.417499542236328,2.582324504852295,47.98777389526367,61.51332473754883,6.374212741851807,120.30130767822266,20.262514114379883,59.791805267333984,35.04121780395508,34.06486892700195,11.25465202331543,59.90875244140625,31.940204620361328,78.37974548339844,14.397272109985352,74.08023071289062,38.62003707885742,37.63740921020508,18.699796676635742,45.8991584777832,24.516063690185547,25.549657821655273,22.09510040283203,61.408836364746094,30.857845306396484,49.25196075439453,10.490288734436035,24.217815399169922,0.9784290194511414,18.35649299621582,0.3167492151260376,24.306001663208008,46.87519073486328,12.387357711791992,41.04322052001953,40.11166763305664,,38.551856994628906,20.491487503051758,45.53559875488281,38.927188873291016,19.674406051635742,44.167171478271484,20.423261642456055,22.79691505432129,17.712974548339844,49.56676483154297,17.49839210510254,32.369998931884766,11.417499542236328,2.5852018811628525,47.98777389526367,61.57127781671966,6.389797227064652,120.33671927051289,20.395577184227413,59.81292976495047,35.04121780395508,34.077188813243495,11.25465202331543,59.91443220921019,31.993373851273397,78.37974548339844,14.398761834429584,74.32752521601701,38.62003707885742,37.650889573589765,18.699796676635742,45.99427177565882,25.25024171993281,25.549657821655273,22.09510040283203,61.86664792518278,31.740914861113346,49.251960754394524,10.504668485652532,24.296984760601767,0.9822859764099121,18.925297781495807,0.3174368086947965,24.314184128311464,46.87519073486328,12.387357711791992,41.05662269468885,40.11166763305664,,38.738800582616314,20.52607559406044,45.9354643523188,38.96732781204129,19.68126379161372,44.17457682694435,20.435962966579638,22.79691505432129,17.712974548339844,49.6420662609212,17.206252175182232,31.68000030517578,11.185500144958496,2.519025312965648,47.50962900424123,60.34597602172108,6.194986331464238,118.28942984188743,19.966819186932394,59.01720453835492,34.6461568837228,33.298618620596194,10.96623892611757,59.25571778054256,31.039881144295023,76.80011430204038,14.201939440857666,73.0446809275722,38.03698090706189,36.4106875578025,18.391056690059248,45.661375233094155,24.186713018495357,25.1869498680705,21.2560460321839,61.08282000361023,30.520492509482708,48.564851772962236,10.10921607028972,23.861554027741608,0.9547140002250671,17.796053174890393,0.3103317206881587,23.56127246332469,46.31130457348372,12.231169090752866,40.567454822174255,39.58656039720046,,37.71407482127131,20.30317570336264,44.91124194974174,38.084291574787905,18.78291947420137,43.27131634213825,20.181942540432658,22.47650562308677,17.41826597460968,48.92379253503269,17.318613194321795,31.739999771118164,11.234999656677246,2.519025312965648,47.526117192869656,60.48671831164854,6.233948659213239,120.33671927051289,20.29208431211695,59.37633711520374,34.91580137301093,33.34543193261317,11.005568837259725,59.80653828290242,31.174574185546106,76.80011430204038,14.270442173015793,74.19615130097368,38.087997905061314,36.65333696019223,18.440175479793147,45.722522457891905,25.181627978206446,25.2032865593884,21.636727956829276,61.790345998443335,31.671460207483577,48.713268115473234,10.396817951589396,24.106979199183325,0.9757140278816223,18.369039644420788,0.3105609276518525,23.577638954474963,46.41081419380185,12.295798528955249,40.64116550475378,40.00664618588541,,38.57262762399542,20.441526601365457,45.19185060720813,38.70643108993096,18.789777214179345,43.41568957381621,20.334354796120845,22.60603261864301,17.514808563739884,49.109153639112215,421500800,4451000,72288000,18990000,5334800,4419400,258769800,1101200,54296400,7053400,8550500,10560800,51020200,10651500,9941400,15236965,100679220,6245300,9688100,5420577,35082300,18286000,56063200,18519800,12927300,6364700,19526900.0,5536762,32233000,55227200,199913000,86339600,616508000,35545300,8886700,34342693,13301800,2905300,,13548300,16983200,10193500,7682100,14743000,5701200,12510100,30171700,31990200,24906300
2012-09-30,20.07414436340332,32.439998626708984,12.715999603271484,2.5196633338928223,47.03415298461914,57.967750549316406,6.8893280029296875,127.38724517822266,24.19691276550293,60.97465133666992,36.27818298339844,37.62017059326172,12.578341484069824,66.71914672851562,39.79132080078125,86.06517791748047,18.726606369018555,88.23754119873047,44.22504806518555,40.531402587890625,16.039371490478516,47.24171447753906,28.006845474243164,24.95680046081543,23.64019203186035,64.14324188232422,21.49134635925293,51.12571334838867,12.082621574401855,23.71678924560547,0.7777140140533447,19.92017936706543,0.3057476580142975,25.79964256286621,47.29924011230469,13.507345199584961,46.88085174560547,41.694217681884766,,43.43168640136719,19.564170837402344,50.929161071777344,42.70398712158203,19.019018173217773,44.15587615966797,21.907470703125,23.6934871673584,18.85093116760254,53.31702423095703,20.495728069146306,32.93000030517578,12.850000381469727,2.5305022253340717,47.32366901697032,58.34254586073003,6.967350135921269,128.19457138585338,24.492716841382332,61.364420964267794,36.36700640851427,38.01191813742107,12.749565128022464,66.90804035452784,40.128684765954965,87.01261743453404,18.845742720023043,89.26987838246578,44.26167583893655,40.80274371443662,16.322502228380504,47.33083496516738,28.110626837970894,25.147612349137034,23.890352557423792,64.32501169065284,21.77908921077669,51.369119129840065,12.234196398124581,24.115256803790977,0.7972859740257263,20.18673252215243,0.31010239704603304,25.922655463825585,47.31929494340439,13.588878422036904,46.92140446510922,42.017993230862984,,43.953116914645776,19.66062208563059,51.62624056007049,42.97984387070757,19.198443034392216,44.278635387630445,22.02882560141118,23.919924886029474,18.917343232465846,53.43363056521634,20.063611640974635,32.38999938964844,12.65999984741211,2.4640241505699687,46.44684723014212,57.617946675432066,6.858119298547897,126.54418316195493,24.056403220013348,60.54235735554992,36.05612442060885,37.22842304910237,12.512486043151416,66.48446428138311,39.468159295536545,85.72410596581503,18.64346176456384,87.88825703130233,43.514460311952085,40.23971253275998,15.989823780104897,46.96063372132417,27.785447694942405,24.9370621654567,23.530747174694934,63.19944592955781,20.340378738152378,50.72741848533722,12.010443152471456,23.700850178470102,0.7745710015296936,19.475222741408434,0.29910095969922,25.47981277438946,47.018533666324956,13.458424610473653,46.39419848454133,41.62153574126315,,43.29263773406635,19.247810860952036,50.68975672535751,42.37430341330483,18.908603076533776,43.47140562454599,21.722246601022682,23.652318576716393,18.753866481050046,53.01385665803651,20.424711742609286,32.650001525878906,12.807000160217285,2.489314610135659,46.70327481437085,58.09268231978761,6.936141431539477,127.60158371806773,24.204306668464866,61.20142806391454,36.27183707002913,37.37378792254496,12.512486043151416,66.90231511423325,39.986635782433765,86.292567262788,18.717921511013195,89.26987838246578,43.719578080573704,40.59245513331866,16.322502228380504,47.145731728054514,27.965332400898127,25.114711843597593,23.530747174694934,64.32501169065284,20.40983338714163,51.153374817092214,12.162017976194182,24.05150205528262,0.7862859964370728,19.531890967631835,0.30299731233874916,25.5290169962688,47.198991452396214,13.588878422036904,46.8065016553454,41.991562059392265,,43.841878511231656,19.50630097150295,51.62624056007049,42.74435477433509,19.12943326990177,43.94012087070197,21.81805284320083,23.74838211159442,18.866257478447135,53.33451851715356,535110800,4017900,49132000,25908000,5443400,4057500,119039200,612000,28952300,7519300,5013500,6212800,61124700,5626800,2295400,14799588,111228660,3653700,7740800,3395108,47920800,10293200,21380700,22721200,10694100,9523600,65486000.0,3061162,17753000,54229300,159327000,27354400,485508000,27014800,5021800,26697082,8955100,3503400,,9603100,16058600,5769000,4026900,9304500,5108200,8341500,21511200,18063000,12507600
2012-12-31,16.087013244628906,37.68000030517578,12.543499946594238,2.2982919216156006,47.713905334472656,63.15088653564453,9.067489624023438,148.8154754638672,29.263010025024414,64.25614166259766,37.221275329589844,41.41693878173828,13.132858276367188,62.43325424194336,42.962188720703125,80.27275848388672,17.557092666625977,99.4310073852539,45.51332092285156,43.354461669921875,14.745804786682129,48.482513427734375,30.646146774291992,24.01505470275879,27.90461540222168,62.222129821777344,26.41272735595703,51.70414352416992,13.841073989868164,21.4610595703125,1.3227139711380005,21.753662109375,0.28280749917030334,27.531824111938477,46.08958053588867,13.754830360412598,46.264076232910156,38.767913818359375,,43.17765808105469,20.776819229125977,48.986141204833984,40.04148864746094,21.472951889038086,47.03275680541992,20.524200439453125,23.604650497436523,17.524885177612305,50.77616882324219,16.184654221466378,37.70000076293945,12.620499610900879,2.307731991644977,47.722208065597286,63.19278856619679,9.098729869483313,148.9378612096845,29.29259636278811,64.39238564996606,37.240530249256025,41.473605757477,13.206375958509973,62.48521688854973,43.02976816174311,80.31099850858435,17.636268449335628,99.52454763462688,45.52803858292043,43.39544562463876,14.774408935191277,48.489431098414194,30.66705527936041,24.03492842209204,27.983174493584198,62.25034592182003,26.779845334986707,51.743121265070485,13.906224215633783,21.509269719718592,1.3357139825820923,21.770525799804833,0.28396087290881666,27.64750354191693,46.103048852225754,13.765798530298119,46.3185939946418,38.77456128977763,,43.44987373142509,20.79231452125883,49.02148150370315,40.061791986382474,21.542466405794745,47.07016695391327,20.53062644754891,23.65299216848685,17.542864118871787,50.84070272693865,15.386605802308448,36.650001525878906,12.137499809265137,2.248913080451962,46.6845883345069,62.011220352827095,8.825377907915959,146.79968632974752,28.589872165237328,62.14797056476642,36.483139061522074,40.13821180025069,12.905622963157857,61.053418470034764,41.969850406643125,77.48099315270166,17.27464279467598,97.27183866508086,44.39480682868413,42.493792821114276,14.416848212918524,47.84622491774463,30.004925144985442,23.57119145646996,27.18971688220871,61.23458784696672,25.906698183445574,50.89669810261237,13.406730406742852,21.187876386299468,1.2715710401535034,21.32786437938692,0.2775019744734221,27.01126352500737,45.38910989815919,13.508032204835121,45.54173408681555,38.02992021542753,,42.032955006358485,20.29642970452769,47.81273326527158,39.452743448333145,21.06281769864084,46.01892665392988,20.247888219513015,23.280068448021332,17.30399390355563,49.69082833885234,15.432855346866903,36.79999923706055,12.1875,2.2750547995233354,46.875509985039834,62.522394437473984,8.88004815126419,146.97966730627306,28.80438651746756,62.24835914363769,36.572998617949956,40.35995475540369,12.952406479155918,61.053418470034764,42.00897506055071,77.59572540320745,17.373921818243264,97.76291159355532,44.453674661852965,42.84216078602256,14.481209252046492,47.887720388550186,30.03977353968684,23.769936231333272,27.370405189812292,61.6648739546937,25.995997560506257,50.980227640177795,13.464642792443549,21.36464233654891,1.2768570184707642,21.429044913755888,0.27819400421624996,27.193047287560976,45.651785744980565,13.529970749706663,45.657580431170366,38.17618741274241,,42.24235145567261,20.304178089520782,47.975315897655015,39.58808785473075,21.187943563626998,46.10871158115619,20.254314227608802,23.300788188773964,17.334816625381336,49.890297989166726,659492400,4634600,68380000,26644000,5604600,4939000,170837500,427900,37172800,7213000,6877700,6147200,32388300,6554000,3561800,12266201,79816104,3623000,7880800,4440784,41139500,12770000,24209600,15651400,9869000,6236600,60374500.0,3086398,19954000,42749500,180789000,6807400,326460000,25320000,5899600,35543831,9061900,2640400,,15214600,9247000,6375100,3926700,7153000,3022000,10879900,26697900,21037500,19810800
2013-03-31,13.459195137023926,43.52000045776367,13.32450008392334,2.6222283840179443,56.19380187988281,72.40348815917969,9.52121353149414,186.23085021972656,32.73267364501953,62.36307907104492,39.01492691040039,44.06061935424805,13.968280792236328,69.13326263427734,45.61373519897461,89.1420669555664,19.711708068847656,115.09081268310547,51.63106155395508,51.77106475830078,15.786112785339355,56.83877182006836,33.305843353271484,26.98480224609375,29.919448852539062,70.88725280761719,25.38082504272461,59.565059661865234,15.946337699890137,23.177993774414062,2.7039999961853027,24.974109649658203,0.2977714538574219,26.713808059692383,53.663970947265625,15.966262817382812,52.93879699707031,44.5042724609375,,46.89591979980469,22.145933151245117,53.141456604003906,46.5872688293457,24.82143783569336,53.5540657043457,21.929954528808594,25.72758674621582,19.344093322753906,53.20243835449219,13.737707247704478,43.59000015258789,13.369000434875488,2.62295835014303,56.21046532694295,72.95168127064036,9.599383965091151,187.51404296587302,33.11001559766189,63.08731549969373,39.33301975826606,44.15670845831193,13.9950149563622,70.24456363700568,45.99838592676806,89.45051486911409,19.989194096290667,116.58468888302237,51.764245947747575,51.894740325009565,15.836709079740183,56.88059921604199,33.63567452340536,27.091566944126388,30.250836734246562,70.95124711998128,25.96623124650401,59.581864657667516,16.25104485139363,23.218499960383717,2.755713939666748,25.101076423475202,0.2980035546917949,26.76338316558625,53.677535594772635,15.988391992682667,53.00749934563263,44.557812660736474,,46.937952076371445,22.266480738913174,53.67365172722234,47.25426199046518,24.835429947459748,53.77593707455988,21.949343619877947,25.762362622137683,19.38028466614838,53.7161024004333,13.427573749130376,42.41999816894531,13.20300006866455,2.590107611862863,55.8106252156582,72.0408379255443,9.466493407931056,185.05638780946413,32.59209300147641,62.13361872850231,38.98896211830168,43.136684215363886,13.881397308337458,69.098354142556,45.385788692981166,88.64083602704011,19.6896185277054,115.07517862314181,51.298103392014305,51.53059161984311,15.612639185116967,56.43442259617373,33.17952514671073,26.704545868309765,29.887890538448335,70.16195138364253,25.321292753737804,58.987953508484765,15.881043211441657,22.89444583699065,2.6942861080169678,24.737108449358935,0.29080876083362284,26.267613194475913,52.95849024336729,15.833486653397168,52.66400856783435,44.03580847738269,,46.60868499020429,22.110935129539904,52.864715573031816,46.49198483384126,24.478640437945383,52.95613883011362,21.787761286164677,25.616302351328304,19.22776537823387,53.131586743304126,13.676896948825206,42.540000915527344,13.291000366210938,2.6134680943165125,56.06885144790364,72.87578087575802,9.568115642553225,186.57882269358632,32.88804957713985,62.42044552437209,39.20967894757837,43.32147124314072,13.928180820802627,70.0758318619777,45.64934818915843,89.21917893395333,19.954942727623912,115.84948229523512,51.3794941685031,51.63365070293166,15.793341024345992,56.727230324523724,33.57251542012499,26.944767075251,30.029913486343904,70.31127687091124,25.88685423035582,59.20646957954815,16.214770750597026,22.94305356919662,2.7249999046325684,24.952949058838566,0.29289755767384945,26.350240472318102,53.25017933079284,15.85561582869702,52.863228606654424,44.20980646791763,,46.68574772717523,22.138155648265403,53.19822538311837,47.090918739970164,24.49262988098933,53.06143391218651,21.787761286164677,25.755405855015756,19.34667894699282,53.51535842099431,442839600,4075200,49474000,14740000,4354300,4884300,92013900,547100,25355400,6213400,5293000,6541200,28323200,8280100,3039400,6500033,91420488,3701300,6752100,3884559,33336700,11332100,27506700,14227200,9215400,3954700,28585700.0,2722933,18376400,55453800,195881000,7612400,349276000,23676700,5338100,29449919,8016700,2089500,,7899200,7620400,7267200,3982000,8651800,4166200,6993400,16967500,22104900,17485200
2013-06-30,12.136404991149902,45.560001373291016,13.884499549865723,2.7448313236236572,62.459312438964844,86.83938598632812,10.060308456420898,187.3883056640625,35.50019454956055,59.53058624267578,39.68182373046875,37.6275634765625,16.39887237548828,69.40927124023438,46.96831512451172,90.12603759765625,21.850685119628906,118.67142486572266,57.60509490966797,54.793701171875,17.67859649658203,60.30738830566406,37.27790451049805,26.94959831237793,32.40672302246094,70.9481430053711,24.6862735748291,61.61766052246094,17.76524543762207,28.178325653076172,3.015571117401123,27.0407657623291,0.32750967144966125,25.375219345092773,55.87068176269531,15.625188827514648,53.279293060302734,49.12186813354492,,43.03488540649414,25.5605411529541,51.068363189697266,47.10951232910156,24.571210861206055,58.272727966308594,23.515289306640625,28.930458068847656,19.371688842773438,53.71316909790039,12.250872739080549,45.9900016784668,13.991499900817871,2.7624547623493956,62.93552683184655,87.72947731387018,10.169829970840258,192.51713388586117,35.811014151991216,60.03575879642091,39.85891646719807,38.01191985876577,16.58078293507877,70.12483147567177,47.43557741374559,91.0976447199613,21.887170601065094,119.86402700003622,57.843040082005054,55.38763854138639,17.80992760779057,61.375021978213326,37.51799719854341,27.171321420066413,32.72365736359244,71.74362262192939,24.785495313487427,62.24876958257255,18.09247998597884,28.38227994452213,3.0899999141693115,27.206373207247367,0.330775423064637,25.457848185536808,56.198566445915766,16.021257365133682,53.93672355393774,49.526051439444345,,43.415289359040806,25.849271808322502,51.51020151236416,47.34211560429381,24.733376176254698,58.9865950985415,23.67791232402699,29.175808591440543,19.67595573155132,53.950970425645906,11.901958560437606,45.38999938964844,13.809499740600586,2.6993045737739263,62.10006253738132,86.73765849138964,10.044662952106293,186.9359800585769,35.278177321462834,59.40068535810222,39.380111291027085,37.26291816004931,16.371922091818465,69.29196819090754,46.37622169523768,90.00944895016922,21.697299300616606,118.47527375024212,56.452544612780635,54.76607658704987,17.313788472839278,60.300362883939755,37.129612680937555,26.942877954622382,32.248254340625834,70.89797787043452,24.229856226496963,61.49932918047477,17.64162312726391,28.015161597500306,3.000714063644409,25.55454277686125,0.3226110162193671,24.995128885469892,55.7408912526193,15.625188827514648,53.21701300582978,48.879357122111344,,42.65448145394747,25.51762136916453,51.025600608384806,46.88374664233275,24.331491612773863,58.25384143366909,23.32013970063273,28.77623621229205,19.361287293649074,53.243512722915824,11.978169321808064,45.9900016784668,13.809499740600586,2.716927837427755,62.66817851258115,87.19542251734495,10.146361341341208,192.51713388586117,35.61120034054307,59.72544032249006,39.550643647478296,37.88379981153089,16.45950922868511,69.67320981345651,46.522458523879955,90.63127775592619,21.7149206133961,119.80125720642877,56.63100774682874,55.24950975341338,17.459712238989248,60.911445962115174,37.51093414355508,27.04366281643156,32.54934453385866,71.31363496996022,24.487831990009706,61.905041045894116,18.012490058338393,28.047795031034582,3.061000108718872,26.301899908246245,0.326809859587072,25.019918010407316,55.99363982181125,15.920845417864793,53.715274560655324,49.499110339924684,,42.71788211270525,25.5605411529541,51.175256050295204,46.95900187125569,24.38789740749971,58.522016365084674,23.50878299634419,29.133750029921842,19.532924758692243,53.415918572139255,578516400,4052600,63866000,22998000,7964400,5432500,90297100,1407100,28063600,8448800,6160900,5064800,35574300,6504400,3424400,9582431,93878028,3011300,12475000,3867643,80413900,11896300,18256000,16316000,12195300,5386400,96778900.0,4100486,18545200,65545500,195811000,26803800,431536000,39787100,5996000,129673936,9865300,2114300,,13533100,10836600,7497100,7715800,11343300,4629400,11220800,20249300,43644900,22984200
2013-09-30,14.688007354736328,51.939998626708984,15.631999969482422,3.1820175647735596,63.286705017089844,100.05924987792969,10.80324935913086,198.7211151123047,35.906700134277344,60.60688400268555,46.076412200927734,51.158905029296875,15.8967924118042,71.85137939453125,60.45822525024414,93.56161499023438,21.739990234375,124.53866577148438,56.69734573364258,57.63713455200195,16.88642692565918,61.34916305541992,36.76729965209961,25.636371612548828,37.87735366821289,69.50569152832031,49.83888626098633,67.65863800048828,19.63320541381836,27.341716766357422,4.417285919189453,30.94805908203125,0.3647966980934143,27.51262092590332,54.69374084472656,16.15753746032715,52.70228958129883,49.09486770629883,,47.673744201660156,30.117477416992188,63.21207046508789,44.04710006713867,28.61155891418457,58.976463317871094,23.944812774658203,29.164241790771484,19.35066795349121,51.50440979003906,14.839276583853179,52.150001525878906,15.76550006866455,3.197528724517505,63.56325069327368,100.3913609109601,10.905019187653304,199.07359578701602,36.165768937941536,60.9193657549649,46.34818814141886,51.49398566053016,15.964640695398728,72.15888948576456,60.836802587344216,94.30572581749095,21.86235195285325,125.27073101454145,56.86927164149097,57.90782602512769,17.070615700413207,61.53315711406783,37.05182231323366,25.92061735785149,38.15580390592906,69.85246385528283,51.198217767379525,67.9702692559418,19.778905543806587,27.366365878657092,4.459286212921143,31.173863510347662,0.3673756037886435,27.81122089191023,54.982687649853034,16.19690506668293,53.79691829745687,49.25072671052662,,47.864946681684,30.160519392379705,63.584072097229935,44.053986048673224,28.696775008283417,59.6180905184789,24.049546678389298,29.31952177243263,19.518115432039696,51.89949005232449,14.615914372117969,51.20000076293945,15.553000450134277,3.1000296036056527,62.549256274128,99.09698028183503,10.646680679318775,195.07890444537372,35.40337234782523,60.192664521225964,45.93720914984718,50.0255430755515,15.618615613755164,71.26001001679849,59.68678155407883,93.2874754588186,21.551358000896986,123.24770232299497,56.032077386737534,57.17209353170344,16.650665518813838,60.96701282720699,36.58947366724312,25.548389680176715,37.55116780336824,68.71101160574017,49.41223413084197,67.23934338106022,19.356372804669185,26.86521009358197,4.360000133514404,30.743558307529337,0.35940445851578084,27.40479562134706,54.52174794898843,16.090050619690068,52.53496007305628,48.437563233597835,,47.12845865257975,29.757492700382468,62.353601801368924,43.63403046696939,28.178372813311686,58.71449663424686,23.60442696326885,28.867801126655586,19.293107508465532,51.24700728315904,14.70341119130911,51.5,15.670499801635742,3.1096318004289767,62.825801950311835,99.93151336592979,10.717136025300446,195.07890444537372,35.72905569755481,60.27986512092877,46.19572982432987,50.40004584210675,15.686463897349693,71.91051542994647,59.843928097704925,93.52245487204418,21.57046998459882,124.15294661498552,56.19652676739618,57.470548383952554,16.739075343756426,61.0943962366113,36.79575246089485,25.846171305975492,37.63868160233046,69.68630085216849,49.749586889909736,67.64730501480675,19.44379399427226,27.111679278398633,4.395999908447266,30.803204637632497,0.3615144798886165,27.778045578855696,54.941411034494,16.146289088252658,53.545921375438475,48.75604872925062,,47.40464301421356,29.933571337662706,62.58967713618471,43.73041319859339,28.32040144279029,58.85876948451174,23.722252917097983,28.980731288099847,19.434391692765455,51.516379981670376,260156400,2747000,32472000,35229000,3330500,4032900,104439900,538000,23789300,5401500,4802100,5051500,40335700,6421800,2593800,7374869,68827104,2803600,6276200,2770552,32489600,7962300,21350600,18101500,5846500,4404500,100095000.0,2517221,13654200,39839500,125286000,14796400,226640000,25132600,5231400,27861541,15028300,2040100,,8551800,8861200,5597200,4572300,5521700,4058000,7895000,20358800,20257500,17486100
2013-12-31,17.385162353515625,59.880001068115234,19.93950080871582,3.9241905212402344,76.2638931274414,116.65411376953125,12.19672966003418,233.66592407226562,38.579124450683594,66.45392608642578,47.299888610839844,54.391441345214844,15.329538345336914,74.48824310302734,60.00624465942383,110.6634750366211,27.815898895263672,139.99249267578125,61.8509521484375,63.74232864379883,19.30521011352539,65.26929473876953,41.90350341796875,28.153564453125,39.57021713256836,70.68112182617188,54.2244758605957,79.85662078857422,22.88540267944336,30.967870712280273,5.259571075439453,33.60930252075195,0.3776152431964874,31.849483489990234,57.449771881103516,17.359451293945312,57.2038459777832,52.89958953857422,,52.832401275634766,30.771892547607422,64.69300079345703,43.84013748168945,31.41205406188965,64.09390258789062,26.5963134765625,32.27104949951172,20.708051681518555,60.99153518676758,17.393218717750205,59.91999816894531,19.941499710083008,3.9553583124698606,76.31432459693558,117.13272770668232,12.235897214388467,235.35675404262162,38.586526609313594,66.7246907140459,47.36014079294419,54.746233020688855,15.356875229924897,74.64328700233773,60.367343887420056,110.900361902692,27.823096866063906,140.13465537601164,61.94860731170594,63.87488171149472,19.364703650214352,65.71825178678004,41.953661292016015,28.208084647624364,39.61813373006453,70.71754635299284,54.43283981244926,79.95911288196801,22.929188135818308,31.108597776480963,5.273571014404297,33.74178982757209,0.3795009660874,31.91608090528367,57.7199114435529,17.46146587216662,57.618414926585004,53.03596175075873,,52.882209382922646,30.924986301980876,64.76479306203812,44.20737660262186,31.54082152572446,64.18546740157763,26.629229202607693,32.37767027924004,20.75542154658743,61.10604646087886,17.167622314579113,59.560001373291016,19.690000534057617,3.898959401598476,75.24681146431368,116.01311016629283,12.149729192456205,232.55839765662927,38.35702297752856,66.1978004025263,46.69734125055331,54.06621814903133,15.138174938994807,73.90383251818325,59.516443277286825,109.87387310017938,27.45725077803751,139.17114969370078,61.3852332993855,63.29584906427223,19.163917219101055,64.95574356269157,41.595389201164636,27.92866182636657,39.27473906397238,70.38974228441171,53.490236116213964,79.41819133690245,22.527818436566374,30.81059049492038,5.194714069366455,33.485361414738456,0.3747866729098205,31.533155293965052,57.1727041726709,17.28010763475689,56.9789884803883,52.742756812522245,,52.39835687126472,30.622725118833237,63.946349149935934,43.306599854297495,31.326209995644327,63.47203726540985,26.490981646432523,32.093345488416496,20.618577779410106,60.52747116734575,17.172891719616686,59.599998474121094,19.729000091552734,3.92344848152397,75.54101213757342,116.37207061915615,12.22023064088213,234.36736648190836,38.468072302019344,66.592968136166,46.83123839379538,54.34216555906601,15.206519105799599,74.35108398475427,59.8274843937878,110.15023063536478,27.605674638480703,139.17114969370078,61.58804542220866,63.3935194339763,19.193662569041553,65.6826183764349,41.7028719217797,28.030890765764024,39.30668346230316,70.62284480629934,53.69860006806751,79.7142738339028,22.54241266074832,30.95959413570067,5.221428871154785,33.664860977655586,0.37714381949861026,31.583100179895585,57.47747918040948,17.353784133865425,57.49896340176731,52.87231405568403,,52.4837445246196,30.787594855095584,64.2550608344937,43.355103034676304,31.50505339220005,63.48730097839143,26.5963134765625,32.35634666560398,20.700156704007075,60.56363068628292,223084400,1391300,39930000,8655000,3083500,2096000,57188900,325600,10706800,3098900,3281300,3101700,33240500,3475600,2109800,6323859,54261684,1663900,4493600,1620931,22808100,6348200,11017400,11729200,3457300,2560900,43076200.0,2208414,8457100,17503500,105168000,4106200,235776000,11746400,3009500,15983805,5765300,1292300,,5725100,6016200,3397400,6783400,2631300,2855200,4335400,13243500,11577300,8509600
2014-03-31,16.732315063476562,65.73999786376953,16.818500518798828,4.800264835357666,75.87077331542969,107.85765838623047,13.481646537780762,233.6645050048828,35.247528076171875,73.19325256347656,47.60264587402344,56.26395034790039,15.439729690551758,71.54008483886719,70.21308135986328,103.1077651977539,27.66201400756836,129.83865356445312,59.78160858154297,65.0241470336914,19.376699447631836,70.50484466552734,43.785919189453125,26.556303024291992,39.19758224487305,72.01790618896484,59.77095031738281,77.75064849853516,22.784557342529297,34.18581771850586,5.0289998054504395,31.663345336914062,0.4240715205669403,34.16380310058594,58.24684524536133,18.35569190979004,57.06312942504883,59.656028747558594,,56.374717712402344,28.91422462463379,70.31013488769531,42.247215270996094,33.9746208190918,71.96088409423828,28.367801666259766,35.59450149536133,20.243074417114258,59.28704833984375,16.8591930930646,65.94999694824219,17.31450080871582,4.868829406468089,77.48038629826209,108.33038164926118,13.536513462287301,234.5784034001886,35.46967862929678,74.1213303899674,48.03570436678563,56.35264826527602,15.591234147230683,71.96724313652417,71.40495418279605,103.86445063942696,28.170572843903457,130.06845116232705,59.93270924867055,65.13630527828334,19.5643854205936,70.77040963929122,44.009501717607236,26.81046246020968,39.389961298250405,72.32645856178226,61.040982543676925,77.87100389617841,22.996539986576504,34.61115826358412,5.240857124328613,31.80481516973497,0.4283335474595179,34.5980537316667,58.45611747684484,18.38998069221474,57.22596703762163,59.85488280449558,,56.910870869352124,29.31614113806958,70.87261508651173,42.43572572842161,34.17633524630128,72.34434824584199,28.414132450935313,35.7161540863252,20.335773196797767,59.99718079053042,16.707062324918237,64.62000274658203,16.702999114990234,4.787595148260108,75.74436287534041,107.26461331499681,13.418941267628776,232.40880171649354,35.15126584956348,72.95754945553526,47.453781049174346,55.327695388824694,15.425956199895756,71.28739583440438,69.81221318929823,102.7891648055046,27.62081248449518,128.54699881068916,59.56251693713379,64.08481280733287,19.23405913917074,70.05983605465387,43.70658336490563,26.418918624740183,39.08535756295801,71.48161357977473,59.40382855166157,77.1316711582355,22.6383613579098,33.69375534123458,4.99828577041626,31.487579192377243,0.4217037309850948,33.094880430627654,58.016646855132244,18.18996585835568,56.31975441492073,59.059466576747646,,56.33897198699291,28.831477814512766,70.10821948317476,41.85623298599538,33.75849782591693,70.97537841604144,28.12952761659213,35.39412850753845,20.134482296317366,59.068545334913324,16.80993793284255,64.87000274658203,17.1200008392334,4.806972107720488,76.7556399665525,107.74592677742508,13.442454809553542,233.64963012032248,35.19569370037916,73.65729147672198,47.88007671350846,55.35726010811609,15.487935594335399,71.46788732472221,71.03629746277585,103.62549400518601,28.056402250605217,129.33942266621483,59.842048848394,64.25305017422077,19.256580539490734,70.33975914787518,43.872468862383315,26.782987676610897,39.365914681030716,71.58446437071386,60.30674279722902,77.14886105099875,22.791867281183094,33.71877443757093,5.164429187774658,31.723362247078757,0.42454507283805376,33.19509113452603,58.414259837339785,18.264256688466684,56.638342933339445,59.11432395069312,,56.82508440078866,29.119124064569437,70.5481089723583,42.05870747693765,33.90258073741783,71.24380215192431,28.12952761659213,35.60165640607213,20.221885821509588,59.778677785599996,168669200,3213900,85950000,14819000,5172400,2962000,62115800,652100,25651000,5772600,5020800,6520600,32887800,5482700,8285600,6695737,77614308,2494300,5736200,3706385,29336300,7545700,15216700,24489800,6694100,4853300,53011000.0,3243313,9421600,46886300,221256000,6356600,273404000,48340300,6620900,19470753,8492800,2727500,,7769900,7721800,5278100,4255900,4650500,3263200,6317900,17901800,14086800,12375200
2014-06-30,20.392248153686523,72.36000061035156,16.23900032043457,5.393205165863037,80.15180206298828,109.96675872802734,12.055013656616211,238.95277404785156,34.88454818725586,80.51471710205078,58.52374267578125,57.2396354675293,17.259429931640625,79.21353149414062,83.75916290283203,105.5242919921875,28.993865966796875,133.13613891601562,61.52183151245117,65.47798156738281,23.397314071655273,75.61459350585938,41.819244384765625,29.31674575805664,38.61665725708008,74.60539245605469,66.76606750488281,82.59858703613281,23.710033416748047,35.0233039855957,6.294285774230957,33.35014724731445,0.44101032614707947,33.947364807128906,62.78678512573242,17.11248207092285,56.084598541259766,61.42035675048828,,56.914894104003906,30.602554321289062,85.38551330566406,40.758724212646484,34.65281295776367,76.84326171875,28.835187911987305,37.88261413574219,20.005966186523438,61.52276611328125,20.567798145094876,72.73999786376953,16.349000930786133,5.393205165863037,80.54888050939738,110.55449296933259,12.117759276654297,239.7303488979661,35.032678473418876,80.78144524953781,58.66027095615628,57.78167670107368,17.29415662441466,79.26207402509198,83.9956910303451,106.2069121497757,29.144620412408223,133.50984977899847,61.7270088536793,65.66818449990295,23.47303382445195,76.61199293825244,41.93536852298996,29.40671762319582,38.67298470297679,75.15342105847535,67.39115947363457,82.9964747196542,23.74670163556574,35.45164513476603,6.383856773376465,33.42755584107257,0.442199673267213,34.19026555152362,62.899233256065855,17.204732285711504,56.7054632447274,61.79280570209437,,57.05143411977191,30.922898449562375,85.5158178317367,41.14556229591452,34.76882979558384,77.68294967729645,28.9416889668931,38.026761910107254,20.171194855644153,61.88329657209842,20.207920495290875,71.95999908447266,16.11199951171875,5.3071475304102815,79.8814473517285,109.07650907586684,11.992268036578123,236.6350173399233,34.81788969975001,79.99608217787974,58.175588790138875,56.520194614849956,17.099685025298594,78.49754073578451,83.03524596787659,105.28337061487245,28.92543133315189,132.28534674161756,61.157080813213355,65.23142952079752,23.215587531483745,75.54231362947898,41.645059561738044,28.94301890910649,37.876348858755925,74.42765635128175,66.60730966330047,82.49479390946964,23.1673342663866,35.0233039855957,6.281285762786865,33.15232273360058,0.4355393237232109,33.91386379025249,62.0910297452157,17.07788766082859,55.970419718494256,61.29620534588173,,56.51965505820004,30.483910918150343,84.71951484930007,40.6813560593848,34.428029124336014,76.68148713620533,28.748655011380897,37.7672942665846,19.97132173612748,61.42499229672002,20.210115330579896,72.43000030517578,16.249000549316406,5.3071475304102815,80.26163144870594,110.55449296933259,12.00795481558104,237.09108019693466,34.928988120709825,80.52212778745229,58.57835086299924,56.520194614849956,17.13441171807263,78.97081883938385,83.2001003966031,106.16675539071356,29.09750917522626,132.682910456903,61.56742390045394,65.64000695225822,23.37459915678018,76.33734815622024,41.68860438318602,29.0537524969328,38.077519185420066,74.99789561040402,66.93474203407115,82.99070785020156,23.1673342663866,35.41804887101101,6.326570987701416,33.33294497303506,0.4355393237232109,34.005995580584525,62.16833649436444,17.158607178317176,56.38432952080601,61.37896944081039,,56.87896627219666,30.88730331650809,85.05251407748207,40.857191795692124,34.565798254853846,76.68148713620533,28.861813810510114,38.012349332224794,20.09391084708226,61.846633721944045,197929200,2771300,53426000,17773000,2634300,5712900,47274500,503500,12290400,2249200,4045900,5393200,23992100,5698900,2342000,6189147,29578000,1885200,5045300,2619977,21558400,6877800,11549000,14058700,7388700,4265700,27102800.0,2246566,11595000,30793100,105889000,8535800,180512000,14098200,4473400,21430033,10297700,1645300,,6562000,9610000,6529400,4864300,3109800,3773600,5393800,12914600,19961400,9454800
2014-09-30,22.218215942382812,69.19000244140625,16.121999740600586,6.534241676330566,74.16284942626953,110.76313781738281,13.413895606994629,246.90106201171875,38.38809585571289,73.8362808227539,52.68010330200195,56.69758605957031,17.749385833740234,73.014892578125,71.04911804199219,103.74295043945312,29.179332733154297,146.41416931152344,70.06583404541016,65.90908813476562,26.540895462036133,77.55950927734375,44.02641677856445,29.73946189880371,42.78958511352539,70.8198471069336,78.42456817626953,82.1861572265625,25.4296875,39.180397033691406,6.445428848266602,38.47603988647461,0.440810889005661,32.15614700317383,65.88893127441406,17.199478149414062,60.23722839355469,59.35279083251953,,54.02864074707031,29.943653106689453,73.88294982910156,44.48297119140625,34.800804138183594,83.91978454589844,28.007295608520508,37.6467399597168,20.513320922851562,57.8717155456543,22.39243342065444,69.5,16.171499252319336,6.603339411647126,74.82365513128074,112.51093298482662,13.461101014244885,249.9166203477967,38.88443125754729,74.63406734119441,53.45116789919066,56.845417184253854,17.805800196403105,73.74308483968392,73.07970924548864,104.06689182415127,29.30777062987575,147.54675003841098,71.18853803466992,66.33375746131884,26.678097338103786,78.01065019513749,44.3918418744464,29.844032097575262,43.21004249478826,71.97764672688326,79.08934950812431,82.8938573594154,25.53267103371069,39.28181217029549,6.531285762786865,38.9462084689468,0.44391687627552057,32.39975495427428,66.1295854683638,17.443772019865925,60.68321893574757,59.88681103256443,,54.25987184680359,30.098410681260592,75.8373676377836,44.77394137826197,35.41377712262574,84.96471705833952,28.16129190035081,37.87173593673171,20.58038473091769,58.33936237700702,22.169699469636708,68.52999877929688,15.92549991607666,6.47415675138302,74.00188161378078,110.70226965902067,13.350956564579425,245.86327977625695,38.247345459388846,73.664797137649,52.267035045541085,55.88945109950408,17.52372838308875,72.61102449604392,69.92260726209844,102.56865325041512,28.985435869789463,145.7042997782292,69.80616402642818,65.59058463744738,26.228380723811334,77.45763964291915,43.94602281139487,29.33512929283701,42.50658643597069,70.46877216286246,77.98799174580279,81.95412292098837,25.186940999980635,38.88459831803,6.425714015960693,38.13096525830274,0.43555458971126404,32.03854404869504,65.76860687747502,17.187844551143318,60.194069965894506,59.22795418570596,,53.551729015801044,29.76905357539584,73.6141240477461,44.36942191622422,34.698642438059494,83.81142152418406,27.866688077603982,37.53061362902171,20.325543488232046,57.60712379086208,22.231447095860247,69.48999786376953,16.06800079345703,6.580056377882911,74.72199022915116,111.79790977780256,13.437498310619757,248.35244246583363,38.58070463585733,74.58187591245303,53.23086447891501,56.342794367931155,17.558986855368854,73.74308483968392,73.07970924548864,102.69012804650787,29.133710275606155,147.0841445859688,71.05106395788502,66.12850512736145,26.601875365924805,77.49402403441881,44.143352697727785,29.349069503964635,43.177701991963616,71.88054319509915,78.73215198683141,82.66182305384127,25.41497516574264,39.1888469517713,6.461429119110107,38.25605592169613,0.44057195595347626,32.30735171734375,65.78983995927936,17.31580828550462,60.668829134460054,59.602464126146664,,53.992514161071405,29.98333399267685,75.2924545584103,44.610714464389574,35.172967798575726,83.9971858606456,27.920253337787837,37.59593486307958,20.39797197115549,57.90863379692176,221056400,2887200,52724000,14885000,3867100,4000200,82217400,770900,21787700,3746100,8400600,3922200,36919300,8385700,6422700,8513580,31430000,2037700,6773000,2852016,35274600,6822500,14384800,22613700,5349800,10036400,35899000.0,3199420,9795300,33033100,124726000,11583400,277204000,21143300,4219300,27046167,8074700,2491800,,8894400,7799600,8082800,2557700,6431700,3339300,7723600,16669900,16922100,15576500
2014-12-31,24.447444915771484,72.69999694824219,15.517499923706055,7.582200050354004,79.05724334716797,113.68345642089844,14.115909576416016,270.3430480957031,40.09213638305664,68.7641830444336,48.01457977294922,58.45182800292969,19.61811065673828,69.2823486328125,66.19498443603516,103.28909301757812,26.31550407409668,155.09104919433594,80.55301666259766,71.10357666015625,27.84275245666504,76.58525848388672,46.04475784301758,29.63617706298828,55.874446868896484,70.60944366455078,77.4124984741211,95.83085632324219,28.624574661254883,39.50403594970703,4.880143165588379,41.59315490722656,0.4810658097267151,37.89283752441406,67.36893463134766,18.27541160583496,66.02690124511719,63.63919448852539,,54.024662017822266,32.69314193725586,62.3448486328125,54.286434173583984,39.2940788269043,92.58499145507812,30.258358001708984,40.05097579956055,23.166288375854492,57.297908782958984,25.056526952293186,74.20999908447266,15.64900016784668,7.766120927856034,80.51025078928234,115.7125875195934,14.368401857619395,274.42586166445125,40.80343584319607,70.29678435806831,48.49431012970634,59.3585144552827,20.034167033730803,69.98023473953782,67.25905307405218,104.31094405493504,26.699330886956993,157.49146782503144,81.35877352426948,72.12117010177056,28.418174441114868,77.71312850899223,46.71431235540624,30.1415766364686,56.499783127818986,71.43837452395894,79.17864496637418,97.49297123665967,28.912295456779344,40.34599311995724,4.939143180847168,42.2247302282996,0.4921027313324377,38.38998627501494,68.38061272223607,18.59809164512946,67.0851921990012,64.77622954726787,,54.809630838810264,33.203162415191365,63.089392990514746,54.81563774863491,39.8672849764997,93.85955985076049,30.82380905637171,40.67197668438728,23.587101617947084,57.719353853207714,24.409792977245605,72.6500015258789,15.500499725341797,7.57013984171134,79.0232540728576,113.57850596602921,14.115909576416016,269.8516023735334,40.084725423800485,68.70407968348196,47.76428613502417,58.36313008828634,19.611058694159247,68.88090780374054,65.24595261737456,103.28909301757812,26.29269189889482,155.0430427751877,80.23838361085384,71.06799511782631,27.84275245666504,76.56328789697501,46.04475784301758,29.63617706298828,55.79322905683846,70.51148172174696,77.2537482412152,95.76087825105296,28.617198431697098,39.50403594970703,4.878714084625244,41.545570171359344,0.4796261727055455,37.89283752441406,67.35468809397067,18.269545017697997,65.98341180571131,63.60431392490878,,54.010122477502186,32.67321802735201,61.899579998136595,53.82873825428778,39.272030495755935,92.4995016052984,30.251625004741097,40.05097579956055,23.160893730066746,57.05619812648383,24.987867336182262,73.4000015258789,15.577500343322754,7.620642190044279,80.42528084490202,115.66885371483673,14.352622218773714,273.95709734257696,40.714524117291845,69.78591725352341,48.20925142368989,58.530668505111926,19.94249421025206,68.95502147911024,66.12308916656613,103.90220494139834,26.666600456959262,157.34743635842625,80.38418974261097,71.85075883891157,28.103610540018863,77.34693716009966,46.57451343964796,30.127537387522903,55.825714942451846,70.64712443062487,78.92066732166484,96.81063447831384,28.860653407032935,39.7421647260588,4.903285980224609,41.94787538345581,0.48946343016291777,38.29729703457704,68.15975062637973,18.29301254969662,66.71551537347166,64.58788301898105,,54.66426316165885,32.74892523703244,62.57113068454414,53.957464038067805,39.83054149571628,93.82070460137733,30.763224923090494,40.5477776222147,23.48999027610556,57.27931638299693,165613600,1359300,40960000,15121000,2306200,2712400,57819600,298800,10193000,3251100,5923600,3232000,21478700,6411800,3329200,5885627,24648000,1566800,5821600,1939887,20393600,6202100,18529400,9369500,4352000,4589300,19935400.0,1941945,6492900,21552500,86275000,4697400,166300000,13269200,3727400,15736220,5712100,2369900,,7763500,7625400,5346800,3206000,4068600,2345800,5691600,10090800,12454200,11337200
2015-03-31,27.668073654174805,73.94000244140625,18.604999542236328,9.599666595458984,66.79732513427734,132.07522583007812,12.181282043457031,278.2265930175781,38.18122100830078,60.617557525634766,43.75740051269531,65.84331512451172,19.69671058654785,65.47259521484375,66.0522232055664,102.34107208251953,27.507648468017578,150.87445068359375,87.63191223144531,74.59771728515625,24.163339614868164,74.19342803955078,44.859947204589844,28.700111389160156,60.6243896484375,74.06592559814453,81.5798110961914,96.79659271240234,26.406368255615234,34.825958251953125,5.952713966369629,43.5272331237793,0.5041136145591736,36.457950592041016,68.5806655883789,20.591022491455078,59.81695556640625,65.40568542480469,,50.691444396972656,37.87132263183594,61.26237106323242,59.091453552246094,42.29007339477539,84.55499267578125,29.564184188842773,40.00609588623047,22.320350646972656,53.07712936401367,28.126131711225387,74.5999984741211,18.885000228881836,9.790178061770478,67.14789652877484,133.98489397185318,12.284177951472627,279.9757901114641,38.36649478872127,61.087169580242346,44.6078114170944,66.97667713063522,19.81118463702969,66.15239028756568,66.61412365379805,103.49607524124347,27.89197087893446,152.9452936718108,88.98947188201055,74.962448147713,24.673342820027074,74.84981080965701,45.126527540653726,28.94783284081353,61.42304680470824,74.81844105671473,82.84984341275748,97.41276003816468,26.82810046145098,35.14286841927833,6.041999816894531,44.18233012084055,0.5161564513823578,36.81281205092121,69.27636527670361,20.792255585417944,60.539663114167006,65.80552692615669,,50.83765901280573,38.47118520605335,61.864421927400784,59.62426151567121,42.82248999206558,85.60890975424181,29.6792739568211,40.219361538751045,22.534733765304722,53.28943559471381,27.652508623977777,72.94000244140625,18.57550048828125,9.58076692592288,66.36979490651375,131.9520218670031,12.173366799416012,277.3596186462736,37.91442631216671,60.45092080371679,43.743346527100144,65.49838082325775,19.517844712090188,65.41022467831185,65.43269053287219,102.34107208251953,27.506159689475478,150.87445068359375,87.58563372813977,74.22583948048201,24.109248589149782,74.18605137169877,44.74146328881208,28.55855665963421,60.52659299126097,74.06592559814453,81.56988683965862,96.60293737049884,26.376775142297333,34.72317719421134,5.945570945739746,43.50987910062025,0.5036319355411116,36.44105196689198,68.5806655883789,20.573265090410274,59.81695556640625,65.22330533776163,,49.828803262385314,37.86732574477018,61.19628937244079,59.041052873182394,42.20873447760259,84.15685231235938,29.340778588966167,39.85165846187522,22.320350646972656,52.739932911659196,28.037187954473346,73.11000061035156,18.66200065612793,9.775814053371615,66.60065835912492,133.96728956906395,12.268347463390588,278.5079796399231,37.98853469351349,60.98112908061706,44.45319076519729,65.54766037443854,19.560772139861296,65.87174190598769,65.64880313043973,103.49607524124347,27.668319264325994,152.77673141512722,87.70132998640362,74.554811343778,24.2869766661873,74.4663084825861,44.963617806083356,28.671799903268585,60.722186305614024,74.35476845112044,82.25451671061585,97.06653003187476,26.791106952985764,34.92873930969491,6.011000156402588,43.765843494847864,0.5156747723642958,36.59313637015011,69.01099704126842,20.65020827561286,60.41556288698622,65.48284828926231,,49.828803262385314,38.25923425133261,61.46794858735321,59.19945657688603,42.696782084838645,85.60890975424181,29.428788107712567,40.057574092564934,22.358341530583733,52.98346288879162,168362400,2556000,50122000,16402000,5918300,2975600,61381700,426400,13928900,4848600,9169700,4031700,29258300,7254100,3576000,7290841,34932000,2146600,4128800,3061574,32098500,8028000,17346700,16604800,4518300,5617000,19734300.0,2489235,10258200,34887200,142485000,6309200,357276000,13264200,4397600,27937956,8649700,2339000,,13035300,8717800,7304700,5368000,4905300,5534800,5714100,13306200,16763100,13354000
2015-06-30,28.00693130493164,81.01000213623047,21.704500198364258,10.077875137329102,66.70392608642578,122.86038208007812,13.51184368133545,264.735595703125,40.97688674926758,64.77812194824219,43.649330139160156,68.62250518798828,19.64663314819336,60.764747619628906,63.18192672729492,110.5333023071289,26.780658721923828,168.10836791992188,86.17426300048828,73.2798080444336,23.676504135131836,72.40179443359375,50.51030349731445,27.994918823242188,54.750999450683594,72.89244842529297,85.10216522216797,91.1195068359375,28.816669464111328,38.060951232910156,9.384857177734375,46.991390228271484,0.4866052567958832,34.16932678222656,67.43898010253906,20.00946807861328,57.575321197509766,67.46429443359375,,46.10365676879883,43.022613525390625,63.6319580078125,59.16643142700195,38.324432373046875,74.85315704345703,29.550508499145508,41.63947296142578,19.369895935058594,52.38285446166992,28.16100011566019,82.33999633789062,21.778499603271484,10.187804188172786,67.29612720747717,124.0471789414566,13.599169488629848,267.15355461794115,41.303276563689245,65.87023152720924,43.79148775764769,69.75586708356046,19.911355325735336,61.51430911132375,63.43450899086733,112.15573849430059,27.071256201953922,169.71867850304966,86.66279182083257,74.1062444951965,23.886650977298046,73.13725126199175,50.77120267963607,28.266091374319533,55.75657648779459,73.8355214929907,86.02492426058906,91.71004167867557,29.03953563193343,38.55233809220079,9.43557071685791,47.36551192363793,0.491928654251389,34.55087078749268,68.42159267699132,20.16462649246537,58.141952645884615,68.58575788760913,,46.48644332820318,43.56821947297539,63.853437246443846,60.15942635886269,38.68156412981393,75.72436442116634,30.08840746738539,42.113321405331476,19.610210218065077,53.45318013043063,27.879657588452865,80.94999694824219,21.523000717163086,10.016466036394442,66.64384818631912,122.61239507961928,13.37688396365512,263.10576711882504,40.65791366324381,64.76285025538942,43.25839872189272,68.1100324931138,19.553623464788142,60.607277041079286,62.30870510684683,110.36690029375286,26.75586213974336,167.59306902474876,85.7555265470981,72.99235347941358,23.466357292965625,72.28293541471801,50.06304694373802,27.916421290914062,54.52208780767864,72.48608565250052,84.90372551132053,90.98368468426533,28.64580530765115,37.87991137271013,9.278571128845215,46.89568753415772,0.4832176664562755,34.008231861951145,67.38118357815793,19.890115913996333,57.494373847741926,67.28796329570207,,45.97115362100105,42.63748045546589,62.76079281763634,59.122944454617226,38.16818900334151,74.49211706528516,29.489228541070233,41.454375736502655,19.328932296555593,52.131017648765564,28.03819139644943,82.19000244140625,21.709999084472656,10.143832712437893,67.09014022311146,124.0471789414566,13.55947607751481,266.2429933276639,41.18458910119661,65.74803467772118,43.73462362568026,69.65731550981573,19.911355325735336,61.38202959639586,62.77778959969867,111.57332482478233,27.031087554866648,168.99404365492006,86.18977504474985,73.78285658410553,23.839950689353426,73.12239601004987,50.60720728298373,28.266091374319533,55.748405527240465,73.55183151498477,85.92570440516533,91.53287907046015,28.838955230724416,38.543715423885146,9.335714340209961,47.352461707121364,0.4897508928799678,34.42368837427627,68.28431973024232,20.16462649246537,58.075720444108285,68.2542544873809,,46.19199126462968,43.44786711030454,63.77222650250074,59.90574313681929,38.67412234751842,75.64587252270587,29.85009796230309,41.86158906646164,19.610210218065077,52.72283992326596,177482800,4086400,51938000,28695000,7793000,3434800,89039800,776700,17737400,4077900,5356200,3559900,31236800,9925400,3941400,7419565,34510000,4167300,5938800,2443361,34412200,8967900,20677400,14621300,10150900,6656000,23016500.0,3062956,11102300,35945400,168805000,7531200,315916000,16691500,4188500,36909710,8451400,2333100,,12697400,9794000,8043500,5060000,5260600,6388200,7549700,17346700,33307800,14981100
2015-09-30,24.740076065063477,82.22000122070312,25.594499588012695,9.507145881652832,63.62278366088867,116.71870422363281,12.408475875854492,229.22250366210938,36.83181381225586,50.37718963623047,34.54716110229492,68.42539978027344,18.925647735595703,50.31113052368164,52.64109802246094,105.85616302490234,31.656856536865234,140.38600158691406,90.01119232177734,68.38136291503906,23.65345001220703,69.8790512084961,45.74588394165039,28.878070831298828,56.579811096191406,76.21087646484375,89.20000457763672,84.30274200439453,23.49078369140625,38.40738296508789,10.326000213623047,53.63069152832031,0.5989699959754944,30.73944091796875,68.6611099243164,18.890819549560547,53.37276077270508,63.24991989135742,30.87493133544922,39.885372161865234,45.7319450378418,51.255794525146484,57.41896438598633,37.09569549560547,69.84723663330078,28.095123291015625,38.26716613769531,17.827722549438477,47.24886703491211,25.018205173145,82.37000274658203,25.639999389648438,9.523876631976385,63.67428369104325,117.12871864767263,12.424404964357821,232.45892182043264,37.0025717282472,50.593002847228476,34.57597507434126,68.61265302750526,19.019374147884914,50.4004247403537,52.742330457689384,105.94010864584439,31.703470251520777,141.45247578218817,90.1203057707311,68.48968476098933,23.794711734399357,70.71745217862315,45.768392071035834,28.95724843602937,56.653699772949906,76.34236646396332,89.3190653654092,85.17092136243389,23.70704873194475,38.44209445491787,10.345999717712402,53.696111431413186,0.5996989706681457,30.799013219933173,68.73392016823679,18.98704869164224,54.20369251342796,63.462646008398146,31.11365479663604,39.94475989371769,45.780220539217126,51.87261926858674,57.62335339168264,37.11816774059234,69.94203730062196,28.266393252250076,38.54290045114411,17.855218649242513,47.24886703491211,24.38792818838707,80.37999725341797,25.083499908447266,9.20218103141452,62.91043314843022,115.53324340688214,12.201402282555689,226.99553492369358,36.30469118043891,49.444564899863956,33.783610078028254,66.83869468268499,18.658885619587853,49.112033281106925,51.10090858394214,103.63158736500672,31.199635036475605,139.09332016214574,88.84991007434844,67.50754666096189,23.182579600713325,69.31013606051205,45.10062418565202,28.647737478877335,55.58646342577786,75.61530029748255,87.32472147032952,83.54754251306535,23.32672158720726,37.886723858717666,9.904999732971191,52.6581240650723,0.5780728759416186,30.450088345664273,68.10045938049176,18.6803206438414,53.083417661517935,62.55502467407749,30.477057002932426,39.26924001859204,44.74232027867365,50.34913756150971,57.06857925537642,35.897125278529224,68.72537850742209,27.923853329781174,37.782773320907886,17.577518582153736,46.600666809580886,24.710916222809423,80.87999725341797,25.27199935913086,9.262261019473831,63.41680318427426,116.11261131910133,12.384583002640245,231.94262722009557,36.980299818550286,50.06117323407698,33.798014316199804,68.08046552405918,18.745403471447172,49.20770704644695,51.231065360200716,103.79947860689082,31.332535483267964,141.04851052544032,89.13828473014735,67.6303146899224,23.198274183398727,70.46293525275948,45.54330219066208,28.70532218987778,55.58646342577786,75.96336344836982,87.75137362315539,84.74872544327535,23.52061394074311,38.07763374251269,9.991000175476074,52.6581240650723,0.5814747192184593,30.543702890593217,68.48635867282883,18.9148777418879,54.055313462669716,62.93792843884086,31.034080309573767,39.336049801044595,45.377933902033156,51.486172528413924,57.535755716734485,36.02447466787813,69.44431571465766,28.18418440260176,38.475830326629215,17.714994361353625,46.64515109123673,265892000,3653800,80094000,43955000,4912200,3062500,71347100,756200,17629000,7850300,8814400,4080100,32093700,14108800,4809200,9130698,52954000,2931500,5395600,4894734,41051700,10970100,18743800,19752600,4936000,5517600,36169100.0,4328683,15024800,34958900,170276000,9437800,556380000,16215000,5873600,33843202,11041900,2393200,13672000.0,12849700,9799600,11785800,4579600,9120400,5212000,8825200,20514800,23937600,18176500
2015-12-31,23.710678100585938,93.94000244140625,33.794498443603516,11.0728178024292,59.91788101196289,129.67318725585938,13.441763877868652,263.97772216796875,38.455745697021484,52.966556549072266,34.08717346191406,77.26561737060547,19.739654541015625,58.07894515991211,51.28871536254883,131.72415161132812,38.58161926269531,146.11196899414062,103.52996826171875,75.22891235351562,27.226327896118164,77.45999145507812,49.899898529052734,31.159427642822266,62.66606903076172,92.09523010253906,103.84507751464844,90.165771484375,23.832883834838867,48.4682502746582,11.437999725341797,54.648170471191406,0.8039359450340271,31.211917877197266,73.26273345947266,19.57076072692871,59.44432067871094,67.96881866455078,36.00748825073242,37.47541809082031,48.45491409301758,52.17279815673828,53.4188117980957,41.327274322509766,62.18425369262695,29.406532287597656,40.78874588012695,16.99557113647461,49.968475341796875,24.109384349789213,95.20999908447266,34.38750076293945,11.252088096640222,60.581239246534494,130.90185878588227,13.633446603283812,268.0321284631273,38.93133320957355,53.85504746948368,34.459512973478965,78.27085549316413,19.95042471484659,58.65999384596507,51.86832741196657,133.16190798715905,39.09338826713862,148.2684267526481,104.563316589746,75.96253725629504,27.629386857541192,78.13867242933503,50.46668521069241,31.435047196790354,63.399535134358985,92.90595571720952,105.34331457868784,91.05162677859474,24.200004483069623,49.088517282677934,11.746000289916992,55.23399725762196,0.8168633065540768,31.570775469854553,73.98861926710104,19.75264501608901,59.91592069170469,68.7889240803375,36.3058920843242,37.81276202378187,49.08451528330365,52.644034279202444,53.86022765402189,42.45074720908342,62.93969266922971,29.73043916983126,41.23144944934952,17.112018221595076,50.282584749893076,23.611563944781977,93.87999725341797,33.794498443603516,11.070529044254624,59.900647172071416,129.59247550351685,13.441763877868652,261.8691242891333,38.455745697021484,52.95097159704112,33.49581496768362,77.22619523573995,19.72511838014909,57.4720715405232,50.71634452530326,130.2018149950821,38.54740195105614,145.94983201032434,103.52214420897383,75.16354514985237,27.21842306492393,77.43736971480959,49.87722798429151,31.09414940022056,62.6495831140882,91.93932384671268,103.80538806282112,90.15978553279503,23.802915531429974,48.41583207708273,11.428000450134277,54.648170471191406,0.8039359450340271,31.126477300509332,73.18207948084728,19.5646970234778,59.369458638501165,67.89037346751488,35.85927857231101,37.40045054815825,48.44684366455152,51.611800327095935,53.315814952143164,41.327274322509766,61.68328296933996,29.39275136528199,40.68369806070777,16.9595285576698,49.63514063423898,24.104879942063416,95.06999969482422,34.30400085449219,11.181905575234287,60.314173883273526,130.90185878588227,13.585526302769743,263.52810529032774,38.69353945329752,53.3484503087825,33.627228585293246,77.84707694211413,19.89954815181372,57.70449101494439,50.796042080340165,130.49783237263173,39.06809605923195,146.8659239057618,104.17972299310824,75.59209226570752,27.51874333929996,77.95015025611035,50.02081578864896,31.40603402966784,63.01219783048594,92.62531969876812,105.17464008591342,90.81819105187986,23.907806736914335,48.95747678761371,11.621000289916992,55.21651277827565,0.8132046500539175,31.47678887988838,73.70999439767583,19.68595402880791,59.81860803507253,68.1185761932242,36.10695493045948,37.52789394082408,48.955366873860015,51.88856131082157,53.86022765402189,42.26224477664848,61.810517095997845,29.48923359515321,40.901295888502474,17.00388889872971,49.68642440176766,163649200,1454000,74992000,19673000,3531300,2105200,47153000,500000,11281800,4356400,6681700,2463000,17041500,6988700,3117300,10914634,32752000,1773900,3178700,2314153,14736700,4592600,14654300,9727900,2388200,3723200,18391100.0,1922092,8154300,27334100,92730000,6454700,148528000,10332400,3041500,22243511,5077700,1360300,4481900.0,7613400,4960900,5271100,3488200,6450100,3754600,4483800,10929800,19725300,10285500
2016-03-31,24.684106826782227,93.80000305175781,29.68199920654297,11.825113296508789,53.12811279296875,114.89754486083984,10.839226722717285,265.88006591796875,31.06297492980957,60.400516510009766,29.62914276123047,72.7617416381836,20.852981567382812,62.37223815917969,52.72639846801758,135.5067138671875,37.83231735229492,127.81616973876953,105.02806091308594,81.85153198242188,25.791688919067383,82.18367767333984,45.053680419921875,33.90964889526367,62.678077697753906,98.71524810791016,113.2115707397461,100.4572525024414,18.849063873291016,48.59626770019531,10.222999572753906,53.88614273071289,0.8722267746925354,35.09840774536133,75.67664337158203,18.150846481323242,62.1522216796875,60.667789459228516,38.39472198486328,38.697364807128906,48.34602737426758,55.56845474243164,61.035247802734375,43.62238693237305,63.6951904296875,28.149477005004883,36.567501068115234,19.129596710205078,54.07024383544922,24.890204891270198,94.58000183105469,30.037500381469727,12.044777718307028,53.231945311368975,116.20093813269332,10.991552792189653,268.71397940643965,31.501948820789725,60.866104217369966,29.82779888285301,73.31363648669858,20.999473043449782,62.89527279452359,54.06308044161604,136.6149780613845,38.13878253356185,128.22327947637143,105.70500164191272,82.19485912671763,26.0388437679556,82.7761342083035,45.593836974986,34.267824905039745,63.19935844757705,99.72062204783136,114.11448875327866,100.9817601745141,19.248504765096072,48.9130282683264,10.352999687194824,54.91179243096416,0.8812844057391288,35.381530181593895,76.39293783564943,18.47540579841285,62.673242041366876,61.38515719812118,38.792596285038144,38.91680695332562,48.75903227374123,56.53289615582454,61.68061525551143,44.22255632828049,64.62399200563944,28.454619433637973,36.930453581595245,19.32511039594923,55.04698970546933,24.659193835956014,93.2300033569336,29.61050033569336,11.821286311363849,52.1589982853125,113.36786841849036,10.78310594800406,265.3804120046603,30.943931307080568,60.16377312009592,29.20975855115285,72.31824826148113,20.765087799379632,62.07802650047793,52.57384273466836,135.3788414053001,37.60172123944539,127.06708931246243,104.6895965540728,81.18678453838818,25.767771787071357,82.06215213958276,44.96999362082328,33.85848129221355,62.56223753112654,98.66026690783639,112.88413843352072,100.37888386299824,18.758623910761674,48.270709719176175,10.104999542236328,53.74588285689923,0.8653723701270577,35.004033599950475,75.5437216458272,18.071236895383098,62.03140878710924,60.48127231465361,38.22562787365582,38.462791307766494,48.32983067969164,55.365020217132056,60.070912072015716,43.58440215120044,62.8864880295162,28.066256823654378,36.4994472915571,19.124011015862738,54.07024383544922,24.849438336091747,93.76000213623047,29.964000701904297,12.017988822292455,52.358011987569704,115.93844192062991,10.815174634449704,265.70049832572164,31.12249816028599,60.21112541045939,29.401055479357932,72.9884095142508,20.896929848430656,62.23494138034908,53.38021271268754,135.9329735023986,38.10208707180649,127.16479167380585,105.13039293362503,81.89535807631923,25.93519779373224,82.68498571178615,45.228660589780795,34.02660381486755,62.88493603999072,99.08441016233465,113.80689738834467,100.52960294087721,18.773697477432304,48.34989986120895,10.243000030517578,54.341988156622065,0.879326021110467,35.28715603618304,75.72094873551777,18.408044314574557,62.48446721594107,61.11972916442155,38.53398064601186,38.49305690065898,48.402714260681535,55.97532954155507,61.19844456041223,44.15418256294859,64.2877020958366,28.336724397184916,36.748975882610154,19.202217129438722,54.38073432101309,103553600,6561400,53636000,24968000,6310200,8758300,79592100,511500,15661700,4348700,9353100,4226900,18377600,5943900,5664700,7685922,32554000,2927300,3685900,2781013,17880000,8167700,14904700,15544500,3681600,7685900,21207500.0,2125531,15492000,26360500,97475000,8257800,379884000,10196500,5367700,59861719,6819200,1720000,8087000.0,7315800,5622800,8608700,9481500,5410400,5116800,6579000,16397600,18850500,13896900
2016-06-30,21.783355712890625,95.79000091552734,35.78099822998047,11.931522369384766,53.09479522705078,118.5083999633789,10.674885749816895,269.1004943847656,31.572500228881836,60.407752990722656,32.26346206665039,78.2610092163086,21.206310272216797,69.26206970214844,60.732845306396484,135.20188903808594,34.888145446777344,121.47262573242188,101.03034973144531,85.41325378417969,26.376354217529297,92.79163360595703,47.625179290771484,33.388919830322266,65.74601745605469,95.2156982421875,113.39017486572266,106.27861785888672,19.687301635742188,45.338836669921875,9.14799976348877,48.531070709228516,1.1537994146347046,35.246463775634766,78.81834411621094,21.754873275756836,64.45799255371094,58.748172760009766,36.31583786010742,40.925262451171875,46.418540954589844,59.969451904296875,52.188018798828125,47.8994140625,70.3270492553711,28.15473747253418,36.06273651123047,20.54416847229004,61.145362854003906,21.82209138908081,95.87999725341797,35.96849822998047,12.072796520183772,53.09479522705078,118.5083999633789,10.763373596617358,269.21049354177353,31.877872261499075,60.43962695856853,32.64825600313773,78.80304667800738,21.206310272216797,69.37438893157766,61.12598595357817,135.28777860839168,34.90004810804574,121.71789533785773,101.164854971745,85.42793648592459,26.4406882627437,92.87578147137646,47.66349957807112,33.388919830322266,66.2691993807833,95.30273318684782,114.28316866594061,106.29075655279954,19.702457719336653,45.45402325200327,9.17199993133545,48.73328309859601,1.1609170400405222,35.4445256000521,78.86298172344519,21.79194539205223,64.55696331017126,58.9358450850102,36.33573195527765,40.925262451171875,46.47542617450873,60.01495039470093,52.546804595514516,47.8994140625,70.43989445848315,28.161717390837,36.08559385396423,20.591998510234188,61.204071253442415,21.487139571023903,94.12999725341797,35.62699890136719,11.837083567286154,51.39953794147958,115.96248749183519,10.51399763974861,262.57980765240575,31.043685730656275,58.94158694583889,31.97486731999214,77.94563212280622,20.748034569146995,68.23796956350293,60.16497733418343,131.63715051951453,34.460183104318745,118.84826216163982,99.77231344185468,84.1576115758497,25.708903836510473,91.15458468357161,46.766792575927546,32.77019720470346,64.3757884345577,94.39283227974984,112.78492393279657,104.42153059563232,19.08107274560038,44.74518924686229,8.989999771118164,48.003557066078486,1.1376005760259271,34.85034012680009,77.02532454301878,21.58805247876775,63.8109015356358,57.94696243798409,35.400732248741,40.07726792889474,45.9309524695674,59.03669235134013,51.87408479091926,46.76022482686654,68.35225205130763,27.63813563666656,35.45318024358645,20.34722334062193,60.20607325196765,21.51903974417218,94.4800033569336,35.86000061035156,11.900810629307834,52.31707408401321,115.96248749183519,10.75532903767967,265.5101775229667,31.788495843500762,59.10095070573052,32.35226262164448,78.20187225177501,20.97717171577032,68.42296712745824,60.747409156929976,131.68010214192023,34.59655672969045,119.91108880190829,100.69803450014926,84.44398348945778,25.733029103465874,91.1698816425995,47.23430768247441,32.79229353817999,64.57509885148409,94.6934946107733,113.7771375841522,104.42153059563232,19.20231852362874,44.94011986577124,9.090999603271484,48.61019758800959,1.1469270914116747,34.85895008221445,77.18900333780601,21.711622887450012,63.87942019842701,58.495540114996864,35.619563501202826,40.41341158198957,46.16662158066677,59.120110107526,52.472053515120884,47.02781814569901,69.91596678711866,27.903417804440448,35.9941615764495,20.417561347616807,60.22564105959605,143345600,3544700,57102000,42626000,8535400,4110800,125773900,753600,34485400,4695500,9342200,4644300,25184400,7649700,3364000,11375110,42250000,4528600,6642000,3758914,34528900,11559900,21343600,16056500,7606600,4808100,23192700.0,2929482,19736300,28527800,90990000,17350500,430940000,20100900,7973200,28451465,10969300,3735800,9153000.0,9254400,10215200,4941300,6502300,6632000,5839500,8765100,22538800,26140800,14073700
2016-09-30,25.8990478515625,108.54000091552734,41.865501403808594,13.285935401916504,55.96099853515625,121.21102142333984,12.648035049438477,286.5029602050781,35.30492401123047,71.41609954833984,32.35974884033203,70.29791259765625,23.659534454345703,68.71660614013672,70.54766082763672,128.20626831054688,39.873443603515625,132.36302185058594,102.33577728271484,86.0520248413086,30.5870418548584,90.9695053100586,51.433021545410156,31.42650604248047,60.22426223754883,91.9847640991211,127.27125549316406,107.61872863769531,24.462024688720703,51.354190826416016,9.854999542236328,46.41798782348633,1.6848326921463013,33.95000076293945,81.4962158203125,21.10089683532715,68.86071014404297,65.46649932861328,40.75212097167969,52.77535629272461,44.15007019042969,60.01582717895508,51.745418548583984,53.94413375854492,79.07036590576172,30.13860321044922,34.00975036621094,20.42986297607422,57.417091369628906,25.972357778011098,108.83999633789062,41.997501373291016,13.449968290316628,56.249368799369854,122.02988988081106,12.712689481620604,287.62539595017546,35.506752208070054,71.58505145721129,32.843617303409296,70.75125585582482,23.719205355740442,69.17062201632469,70.9051026994879,129.20179644751065,40.07329178970308,133.29868105641543,102.7811405887227,86.35463480006153,30.724783341183684,91.34684856197386,51.79604278343713,31.560172883667775,60.449449999854764,92.26384286911716,127.58875600426236,108.18054344332538,24.660405383915236,51.50575878718207,9.95300006866455,46.77945728926501,1.7013072453648466,34.088289844164535,81.84836551324598,21.194346285344277,69.22131869920936,65.76444033828479,40.83169355510555,54.23919946768782,44.35394011418365,60.28293613239836,51.911173574732764,54.25159650750194,79.45140936892476,30.328331277107644,34.35537850609541,20.52617630521747,57.765750727583644,25.61268067827166,107.44000244140625,41.619998931884766,13.279773500948155,55.602722449390605,120.77858385194017,12.260108456345712,282.97760351884205,34.43033800978549,70.6437733933814,32.181087836919296,70.21906833040872,23.54019265155622,67.58824712398854,69.07412097242961,128.03313477993035,39.7464944906586,129.51500402191698,101.50074383690503,85.65347058027542,30.335862385191753,90.3996480243329,51.039110148793846,31.233433290079258,59.532027802361974,91.45052672749138,126.45763299226175,107.53322829672899,23.65323558538883,51.12238520536964,9.678999900817871,46.09178112856231,1.6565553759361211,33.78578350931959,81.19651930545767,20.808089226574033,67.74052547812163,64.87789119473157,40.05584284325333,52.505702363182266,43.67709358494073,59.22976119201977,51.05979653100451,53.682788369403994,78.32449701658278,29.92076936695143,33.87149911025715,20.225902858837387,57.002648079436106,25.763881636889035,108.1500015258789,41.63050079345703,13.32289946338695,55.73379711484517,121.53304014209817,12.332844885236012,284.5189716226917,34.632166206625065,70.78858493105501,32.620293178933615,70.26834787718921,23.577487854094503,67.9888481691147,69.70147111145349,128.11969465462607,39.85063332153985,131.2796203892496,101.69161382519412,86.08892987044825,30.36017206991369,90.69997861243438,51.039110148793846,31.34482043589213,60.09915863216038,91.45052672749138,127.03311875485568,107.83245720117966,23.85924798653873,51.327444939655905,9.6899995803833,46.34745555544968,1.6663909335964195,33.924072590544675,81.19651930545767,20.833008996416034,67.74819961966801,65.08862874066799,40.075736937712435,52.69831315257177,43.75048688192448,59.40528743748029,51.05979653100451,53.76734077197628,78.46231940548932,30.005092058609605,34.04815577169227,20.254230022541044,57.12763604499071,145516400,3717600,88612000,34220000,4307000,3118900,119428700,580400,25563100,6379100,8814000,5817000,30380600,9431500,4006500,7536875,33204000,4497200,6044600,4270956,24279300,7941100,21680100,14375700,6714200,4188700,18402900.0,2893602,16269700,29910800,98079000,12940200,429932000,12861900,7173300,30138076,123735700,3380100,8685600.0,34879500,13767800,6485700,4900500,5071000,5190800,7613600,54117700,29947800,15961500
2016-12-31,26.66987419128418,102.94999694824219,37.493499755859375,13.691059112548828,65.06016540527344,144.33766174316406,17.927064895629883,302.61859130859375,44.571468353271484,75.26860809326172,37.54087829589844,67.46943664550781,22.726985931396484,79.37151336669922,73.87892150878906,137.8058319091797,39.297706604003906,197.13877868652344,107.1964340209961,86.46975708007812,29.610368728637695,89.3339614868164,67.13348388671875,31.048152923583984,59.60757827758789,97.810791015625,114.1541748046875,109.74683380126953,32.43017578125,55.776161193847656,12.380000114440918,44.97509765625,2.6285512447357178,33.361366271972656,78.97427368164062,20.43674087524414,65.00847625732422,85.51274871826172,39.260101318359375,50.62580108642578,45.48516082763672,64.44732666015625,54.88161087036133,56.49906539916992,84.557373046875,36.291725158691406,42.68051528930664,19.720172882080078,59.903263092041016,26.987646192924238,104.22000122070312,38.369998931884766,14.010932895498586,65.28850348844176,145.36679136912244,18.05685347474017,304.0579640398554,44.84896112794021,75.68253036847081,38.06498367620228,68.37612316323693,23.01276618041039,79.73566537176389,74.66813388969985,138.67801465505346,39.83526352357039,198.00324442834344,108.58756156795987,86.73099410272536,30.043053015448866,89.93877340820511,67.23462154374805,31.33272435471037,60.41217921071801,98.96793673075682,115.92031375657066,110.30611547416845,32.660448633134365,56.53911364222135,12.656999588012695,45.41750466034313,2.756112717127443,33.71710501864525,79.3667706787445,20.512245781098894,65.29454688371811,85.65897769674861,39.8569090243723,51.51874205610786,46.24707028552392,64.86955688802121,55.41348070752617,57.652737940508096,85.50342066437551,36.46128083581125,42.87413039916244,19.808616244429246,60.19527643526352,26.580069022194145,102.47000122070312,37.41400146484375,13.63297007729221,64.84938251248897,143.67013158437862,17.805388296114227,301.1076503732436,44.3914712615403,74.93585166219583,37.38364753865065,67.24276877557712,22.659301211073387,79.10851555386071,73.6085472196309,137.41334620230052,39.15736415123438,195.45101463107207,106.99656000444428,86.14880387501402,29.553221864880392,89.15562254376128,66.64334702251341,30.96577675746482,59.32261185025441,97.58579182229785,113.87634864496275,109.57474799544806,32.14617269486189,55.67742588913807,12.359999656677246,44.86007089010246,2.617716000708166,33.265923604111485,78.74783842205083,20.329775908182278,64.8847655765107,84.75237476432537,39.130791590772596,50.501569066395646,45.38685083716625,64.2247025658138,54.61567015483246,56.344206258112045,84.2066815334877,36.17868893894353,42.432688185037776,19.63743354195566,59.73734446342846,26.860998733427945,104.06999969482422,38.32350158691406,13.969884118155734,64.9547739588812,145.08865969758017,17.862170606074738,303.4297218902319,44.623966908993765,75.51209324152225,37.74303335070754,68.35641585589637,22.982683444967336,79.19618492141751,73.91546128714485,137.9366558498248,39.83129470831845,196.3648762617043,108.4436459323848,86.73099410272536,30.03489051245661,89.79145121955979,66.98566228858166,31.22039269969103,60.03501832698839,98.67061286484983,115.69210130357968,110.01111444016489,32.368768125772476,56.51218365291837,12.62399959564209,45.213994468198415,2.742076006888747,33.62166235078408,79.03465872098496,20.348651185948853,65.07805909114438,84.96440259958248,39.7474933929074,51.44109630309012,46.107794934240694,64.71602181806348,55.246319959575374,57.62951054616747,84.96515358698875,36.383567929422824,42.51013304724725,19.720172882080078,59.75061572580619,122345200,2095800,82788000,25421000,3378800,2027700,72605900,515600,16588500,3471200,4806300,4523300,20190000,5020500,2178200,5311535,34718000,2355500,4149100,2529930,17468000,5506700,13617800,11470200,3877700,3574600,18684100.0,1906663,6943500,25579900,44554000,7384300,1212932000,10820200,3484000,19885396,6209800,1624900,5012100.0,5941900,8344500,4149700,3069200,4311800,2914700,5184600,15095500,20668500,9117800
2017-03-31,33.224002838134766,130.1300048828125,44.32699966430664,17.035642623901367,69.7740478515625,165.38504028320312,19.194053649902344,306.9092712402344,44.99238967895508,75.90951538085938,37.538448333740234,81.29643249511719,25.637601852416992,73.0984878540039,71.39910125732422,130.99267578125,42.042518615722656,189.62245178222656,118.10438537597656,93.70188903808594,29.65730857849121,97.21525573730469,68.71754455566406,32.06256866455078,69.2400894165039,104.91759490966797,140.94395446777344,118.3547134399414,33.03312301635742,59.47357940673828,14.781000137329102,49.46432876586914,2.685865640640259,38.85772705078125,85.0113525390625,21.744571685791016,70.020263671875,88.31118774414062,42.791221618652344,44.938995361328125,48.05199432373047,60.323482513427734,42.32063293457031,62.77180099487305,86.8768539428711,36.57787322998047,43.39923095703125,20.71587562561035,54.92563247680664,33.365076633853526,130.69000244140625,44.51750183105469,17.1935825619408,70.05628364788265,166.61938914762248,19.50324077289911,309.0939764495617,45.51135803818629,76.30231661224423,37.67393925615087,81.73006844737584,25.698283957101644,73.62270866820711,72.09442597469716,132.04764302469667,42.12979850003322,190.5139396546175,118.38590450073426,94.21215658828761,29.80530759817478,97.43380372822017,69.4216189811325,32.221221647403446,69.52645245456452,105.38709878182983,141.51944021160415,119.01660744783017,33.34926623176387,59.771581075759144,14.822999954223633,49.73059937439887,2.709536338617241,39.06677819078421,85.4749407444325,21.852626399560013,70.40211987891412,89.052991552019,43.24877444428218,45.213299159080904,48.274190943005735,60.53203050736585,42.765388238143835,63.23152806467183,87.83650048548867,36.98271549363888,43.804685862279456,20.853828051079866,55.79629543169409,33.073676334799764,129.39999389648438,43.83250045776367,16.96328594737982,69.50063381641765,165.33828150959286,19.194053649902344,305.35675704155636,44.96982671046789,75.30393693032462,36.898632322351624,81.00077777048891,25.531411062700865,72.88062911127292,70.74769013941015,130.72892697254252,41.91556949620484,188.8052514170251,117.95959394227701,93.57432531934809,29.385979133406508,96.80937579275925,68.64714009736859,32.05501513295178,68.90319437056023,104.66665595339636,140.78519664741066,118.14438891986747,32.90203766578114,59.103333656213906,14.732999801635742,49.39332485030798,2.6727976583489452,38.72706759617343,84.98855406964866,21.712789835304246,70.01246898931481,88.25243538979298,42.78127267342818,44.649016633748445,47.780422770817246,59.72874653467089,42.27462578259717,62.75621974689427,86.86045245619191,36.56366790554122,43.368041431766734,20.471585077740084,54.82516999092962,33.23787837068514,129.57000732421875,43.849998474121094,17.1157797318305,69.6152897955679,166.4697810483538,19.38932997262424,306.16500711871936,45.360934422742965,75.80312677128443,37.36532168208711,81.07961451898787,25.576922641214352,73.3231509491412,71.12828769769078,131.25641059426584,41.99441612107076,190.29106453767662,118.13655443147597,93.88198533157627,29.394199907165476,96.87181977730256,69.39815082836733,32.14567192177662,69.07164510640133,104.73950680809659,141.20192457087862,118.33615439796827,33.34926623176387,59.28394385997268,14.800000190734863,49.70397332929024,2.687838277186878,38.76191056044324,85.35334117664328,21.744571685791016,70.16053822995478,88.84734430313405,43.2089862522072,45.03304195060234,47.8215695952827,59.898672783701684,42.32830274334915,62.95101804287615,87.74628292217166,36.87617691503883,43.67993073561823,20.49745012968897,55.762811342891276,78646800,2086400,79152000,25897000,5228400,2032700,77158300,434600,14407900,4020600,13410500,3174000,14038500,6159000,4001000,10599304,28820000,2858400,3248700,2953245,21438400,5657600,16987600,11551800,4557000,3041700,11478300.0,2069080,11203300,21040300,38882000,5905600,440808000,10652800,3744400,19616837,6942400,2189200,5177500.0,10065000,9156700,5858500,7457800,3760900,2888300,8197600,11864600,29819400,21750400
2017-06-30,33.444732666015625,141.44000244140625,48.400001525878906,18.209091186523438,74.6036605834961,186.33529663085938,19.804035186767578,340.1173095703125,50.43670654296875,88.66961669921875,33.27505111694336,85.34696197509766,23.948143005371094,71.75137329101562,66.3667984008789,119.73014831542969,46.10295486450195,183.78404235839844,124.10213470458984,100.52661895751953,27.947927474975586,103.94131469726562,71.91337585449219,34.16211700439453,65.57341003417969,124.75820922851562,149.80441284179688,129.5533447265625,34.51496505737305,62.6026725769043,14.940999984741211,52.5451774597168,3.568142890930176,43.862823486328125,88.3729248046875,21.557146072387695,68.43617248535156,92.14107513427734,53.38458251953125,43.70368194580078,48.18382263183594,51.21938705444336,40.5327033996582,60.31515884399414,89.82466888427734,37.07807540893555,43.5074348449707,21.89607810974121,54.578956604003906,33.663022691189894,142.80999755859375,49.173500061035156,18.493498607245282,74.95790534639139,187.92774723124526,20.09791254403868,343.70841840120363,50.97214339912822,89.14819980439853,33.74435556450531,85.98755847036804,24.323051329806464,72.0195894445555,66.8800227093916,120.52804115390988,46.86267453322809,187.2212008953938,124.58754566446459,100.96404620068469,28.105309442238397,104.65631191413289,72.38545369980136,34.36777558952659,65.92018339512798,125.25509210887684,150.73709609646355,130.62368382444268,35.18884256654101,63.01136271888441,15.071000099182129,53.17749996632446,3.651323836270244,44.195251088606796,88.84735079062462,21.69191749727948,68.68745824469543,93.0191675421513,53.961499915987105,44.02817492901368,48.712679026091294,51.42943344124079,40.64122421888558,60.91102065845759,90.35251509976058,37.26375297352767,44.00995662484129,22.06677794797829,54.92374747356217,33.38899791168204,140.74000549316406,48.38050079345703,18.194244970431345,74.02801368837336,185.99607629954636,19.730565847449803,340.0126318624224,50.31604755251604,87.3246396574105,33.07824816836476,85.05130725966723,23.948143005371094,71.44876829850905,65.43567142003586,119.28686353891001,46.09948167869757,183.4858793604636,123.1879617572951,100.07410186624729,27.773975326085168,103.93346193263488,71.72454591692761,34.16211700439453,64.7276289034351,124.39980027491491,148.8915780993513,129.34177531124678,34.42201419387621,62.430111129414,14.842000007629395,50.31868688938982,3.5419791563358323,43.81033720084262,88.227540810006,21.505804454316074,68.31838097510051,91.79426311507768,53.0066060815886,43.553305160495114,48.16729547548636,50.86153662214108,40.23814477820493,60.06427060342756,88.95866784415031,36.98523935086209,43.311137087504626,21.893184246768644,54.558670236981605,33.54458678116092,141.8699951171875,49.00600051879883,18.46068253834869,74.47081795282826,187.04200445626086,20.09791254403868,342.84686680635804,50.949520198019066,87.54742487102246,33.600535248722586,85.5440726377209,24.323051329806464,71.88891815288217,66.23482707510873,120.08477049114393,46.81258952922118,186.60830677803497,123.3821162656342,100.62466156708659,28.05560837686452,104.26345788143047,72.35398104307468,34.19258558863131,64.7276289034351,124.87224731109596,150.71724758424244,130.62368382444268,35.11138646838773,62.46644021988909,14.97599983215332,50.4077451532609,3.6377482314377665,43.89781656806776,88.40353349778131,21.646995839290394,68.35764680889255,92.97489558385335,53.31495508125704,44.004429478153796,48.489567143721175,51.227168089003726,40.5016966064588,60.91102065845759,89.23908339319061,37.12806761803543,43.99425244481207,22.011807795723648,54.81557930605018,92096400,2331000,67806000,26534000,3320800,2225600,84005200,502000,15832300,4702100,9126700,3943500,23604600,5497000,4164100,5478256,45754000,3154300,3640900,1957170,24432000,5264400,16892700,9352800,4681300,2508200,17666000.0,2116920,8379400,24161100,52133000,46553000,731060000,13146400,3313300,14242175,6070300,1669900,8235000.0,8781900,8117100,7981900,4008400,4696100,3479200,6849700,16750700,20889900,14000600
2017-09-30,35.93074417114258,149.17999267578125,48.067501068115234,19.02804183959961,80.41455841064453,240.96498107910156,20.79146957397461,362.1645812988281,55.10999298095703,103.64605712890625,38.11616516113281,92.06828308105469,25.971267700195312,81.62073516845703,71.0589370727539,108.25627136230469,48.28690719604492,197.11859130859375,133.10418701171875,107.41938018798828,31.779678344726562,102.79969024658203,75.56044006347656,34.55678176879883,67.98928833007812,128.38259887695312,169.53952026367188,131.3686981201172,37.509796142578125,68.01275634765625,18.135000228881836,46.33610153198242,4.416426181793213,42.456451416015625,85.8628921508789,23.13507843017578,72.00428009033203,100.0359878540039,63.68948745727539,41.483055114746094,44.583011627197266,54.69954299926758,46.257083892822266,70.70849609375,96.20418548583984,38.48389434814453,43.61784362792969,22.750022888183594,55.96125411987305,35.933077796494764,149.27999877929688,48.24150085449219,19.164550261090422,80.69013122774588,241.96026168168925,20.906339070135733,363.33105311777496,55.23121652996358,104.34418157619112,38.15424266776181,92.11756262734444,26.002156055232405,81.6346257276739,71.58045641717545,108.74875249128083,48.39055039686221,197.45932803220978,133.14487920817066,107.44211542368811,31.838096613601973,103.16342034192027,75.56834697707566,34.63355931600933,68.16789338220742,129.49697480874474,170.32337742723297,131.3686981201172,37.61102748467238,68.05841140838082,18.290000915527344,47.202949678006576,4.440142209971211,42.80769538469744,86.32522369654039,23.13507843017578,72.36042105653871,100.7485625404749,63.82874233063209,41.64309837569494,45.21386593093627,54.707379795994754,46.69606086691524,70.90569738941934,96.44475892358052,38.81422754681376,43.6811136346655,23.000405573977414,56.01585982448287,35.43649939685604,146.60000610351562,47.91899871826172,18.94723452833586,79.9434151625052,239.42937760447307,20.766854011234578,359.30511107949616,54.82209572245191,103.47984034376238,37.78107903561909,91.27986297344036,25.670084880398274,81.0858611932713,70.55211157130711,107.49516610681101,47.90406977893534,194.94122404429274,131.95673412635549,105.49440595923087,31.462548325433698,102.0406191875012,75.17278400789208,34.38787702246363,67.47048039772767,127.92374040556051,167.49556282346248,130.6364301872228,37.30733642888002,67.45579804354088,18.065000534057617,46.255672287412864,4.378875214843203,42.113990388891764,85.6933692124013,22.90826319496178,71.7826746920622,99.65742193353141,63.16230720973627,41.307007222445236,44.292488702095355,53.52337740313311,45.998403222405436,70.27465083603508,95.92213146850503,38.24691439731709,42.77949416525737,22.703439830462663,55.688204764890884,35.71859414808069,146.69000244140625,48.00550079345703,19.059423842707332,80.04120037802419,240.62373746960245,20.84890432205517,360.471582898443,54.96604724183295,104.17795845028334,37.91054313918319,91.42768657430341,25.724143184158944,81.39150119349857,71.05159575532564,108.43535411331638,47.90406977893534,195.3068788051959,132.24156708400395,105.92638823889915,31.57938486318452,102.45969243298097,75.39430434071689,34.441619841129004,67.68310638676212,129.06269714810847,167.51541133316672,130.842968760821,37.455287643871316,67.51058550960721,18.072999954223633,46.99740903277991,4.424084615084365,42.31595449848505,86.20193802783412,23.09619544619992,71.99636410228996,99.67227054296593,63.520393338031035,41.53906979819249,45.081054998537915,54.12713977694227,46.32763371026067,70.81103860097993,96.16270490624571,38.40490103120205,42.90603719575283,22.956734582092125,55.9339486635765,105199200,2181300,50876000,17319000,2996300,2531100,66232600,457700,12777300,2273500,4175700,4629700,14802700,4874800,2010900,7026425,40622000,1902300,3467400,4066662,23217300,5736900,11438400,10082200,4451600,3670100,15340400.0,1952111,5200500,17079100,42279000,12189900,619092000,44896600,5122300,16867900,6634500,2052900,6891300.0,5371200,11944400,6559100,3816900,3283500,2317200,7211900,20872300,31060200,9944000
2017-12-31,39.595237731933594,175.24000549316406,58.4734992980957,20.28824234008789,88.6225814819336,281.0471496582031,24.324378967285156,418.2161865234375,56.617637634277344,131.74539184570312,42.02570343017578,100.75082397460938,29.833330154418945,87.77662658691406,79.40176391601562,78.664794921875,52.238250732421875,212.38563537597656,155.01980590820312,116.82034301757812,38.75113296508789,111.15398406982422,85.09756469726562,35.51352310180664,79.45089721679688,141.8748321533203,175.08599853515625,148.05262756347656,41.058837890625,78.49413299560547,19.195999145507812,56.0838737487793,4.78364372253418,41.68064880371094,93.04595947265625,23.686542510986328,73.26146697998047,107.70639038085938,73.2284927368164,51.66181182861328,47.92341995239258,53.25336837768555,51.678993225097656,82.91006469726562,111.870361328125,38.6913948059082,48.31882858276367,28.902021408081055,57.622802734375,39.913441057833,176.97000122070312,59.20000076293945,20.68705686489069,89.46142394497555,283.32478764730286,24.6210166618578,423.36136424799366,57.2872164968107,132.5145600006507,42.49274123356288,101.67721787788821,30.082590121394784,88.33053356042035,80.28473927650782,79.0254405080489,52.46884684670972,213.96127020831253,156.00949095616085,117.85630559449378,39.02816816604532,112.33935513627227,86.16386750682676,35.745738219239975,79.97236369540795,142.58371227013828,177.45738816291222,149.27293698820446,41.33271878021099,78.96212662526243,19.395000457763672,56.819105721912734,4.906263289793141,42.20959307882398,93.5502958348774,23.863113493191637,73.72393744432912,109.13212750493058,74.13364942502754,52.17020288474578,48.374032707258976,53.51414459424039,52.06707899187249,83.41813047246256,113.15507122761282,39.103005154508615,49.04357412893474,29.177137854974845,58.00860652545648,39.59289928789782,175.10000610351562,58.375,20.267708509702032,88.57796640287773,280.9708939369822,24.324378967285156,418.2161865234375,56.594806134608156,131.68686194181876,42.01039038015227,100.73110914660124,29.83333015441895,87.77662658691406,79.37968476025596,77.8533585003295,52.20353778637533,210.84335444698854,155.01980590820312,116.82034301757812,38.69236850471927,111.04260781881642,85.09756469726562,35.3664512636377,79.42525239359979,141.70997894469852,175.08599853515625,148.05262756347656,40.9805840756877,78.45742692651798,19.121999740600586,56.0838737487793,4.78364372253418,41.68064880371094,92.65800933550909,23.686542510986328,73.26146697998047,107.70639038085939,73.18870454552493,51.64567526401675,47.91507350328155,52.78713759258776,51.393867261827324,82.89418423494097,111.870361328125,38.6913948059082,48.31882858276367,28.902021408081055,57.622802734375,39.89706480929548,175.19000244140625,59.11750030517578,20.514894735786253,89.2383281246639,282.9817241509175,24.596297770771834,423.3369171134511,57.19590791346548,132.1383382492441,42.44680208349237,101.12532299772177,29.919013825206864,87.89582033645453,80.28473927650782,77.8533585003295,52.34189772500445,213.31100902168416,156.00949095616085,117.58969133416304,38.79310712214792,112.15637032889445,86.01267296146413,35.37419344079155,79.85268350576749,142.58371227013828,176.61400064317618,148.75084590174524,41.28576649124861,78.5767164003272,19.250999450683594,56.675645908139174,4.906263289793141,41.90104141094363,92.68904605683879,23.693081787455654,73.54851719348125,109.0724095144413,73.52689278827019,51.936182679908384,48.18210575979462,53.308683996747156,51.647311891112444,83.0212037070511,112.85474761444843,39.08133956716711,48.94800148485106,29.09225965145473,57.87082095897951,103999600,1810300,53768000,17980000,2056800,1824600,40672000,306700,10074900,2616100,3668500,2498800,12583600,3829000,1778200,15889514,23606000,2519300,4637800,1847909,17394500,4452900,8925700,8371500,3372000,2201800,10261500.0,1607304,5804600,18717400,51876000,5222100,279964000,9750000,3116400,12038261,4346700,1127500,4496600.0,6631800,5365600,5918800,5058100,2813300,2334300,3949800,10711400,21432900,8523400
2018-03-31,39.416015625,216.0800018310547,72.36699676513672,18.882749557495117,83.53520965576172,314.009765625,24.804380416870117,443.3611145019531,51.568267822265625,123.78949737548828,45.63881301879883,114.61723327636719,33.6578483581543,80.75481414794922,77.57184600830078,61.270904541015625,51.431915283203125,210.557373046875,146.6168975830078,110.61387634277344,44.01756286621094,102.60232543945312,87.96456909179688,33.91385269165039,75.30241394042969,129.71617126464844,158.5457763671875,138.8968505859375,42.409339904785156,84.14559173583984,29.53499984741211,59.751953125,5.728850841522217,40.4889030456543,85.3154296875,23.424165725708008,63.69664001464844,113.45465087890625,75.46652221679688,45.097625732421875,48.56928253173828,51.55215072631836,55.44371795654297,82.92987060546875,112.7386245727539,36.68799591064453,41.989349365234375,26.19487953186035,51.92729949951172,40.34867524643881,219.58999633789062,72.77349853515625,19.2986260607284,84.51134292253215,316.49978421421014,24.928443358810966,447.72337257820675,53.22609073708041,124.95700531480226,45.86973912563926,115.56334192746613,33.689239003250265,81.03098328137636,78.006610882947,62.08906355528244,51.97294539534583,211.49369969314213,146.94592508720032,111.64721902225166,44.01756286621094,103.09071782433386,88.61248293571973,34.2964848642116,75.51695073228277,132.57792072767,160.16308909317937,140.07372187473186,42.7865909071244,85.08597593915,29.53499984741211,59.85088074498684,5.825572375141897,40.96680566233957,86.49569976794523,23.54297113699549,64.66880042444193,113.90474178968758,76.78944344171167,45.52084872627665,48.77903068791301,51.89434648060215,55.79508438538194,83.84785576571058,113.78692694866656,36.927740580510665,42.26174748072399,26.303815994790323,52.122173917861865,39.20927890749268,210.27000427246094,68.26000213623047,18.811432862124317,82.64863503964906,308.37850135871537,24.24196006402265,432.656056155081,51.568267822265625,122.26921863613461,45.2154480001939,110.89192059397342,32.6298301766632,79.50850895441836,76.76127400331433,60.68000990960324,49.790482890945164,207.60626025394953,144.36302026934536,109.90967713557414,42.149687710133,101.53747561962754,86.21279479944543,33.80452921377576,73.77491302997872,129.71617126464844,152.93977657730125,137.59342406436073,41.67055706663637,81.4996243172242,27.59000015258789,59.005501760152725,5.459464318760033,39.833999084713014,85.1747352013317,23.14695840685614,63.61629734428794,111.87180656584825,74.15354234742281,44.45465215879198,47.6799523978793,50.51760676404736,54.98854148849975,81.61276199209053,109.91240546222454,36.25210003807131,41.4365427733098,25.841569716824907,50.98772337679227,39.423063141760636,213.35000610351562,70.30000305175781,19.07826752869234,82.73818685794106,309.7001281836515,24.457003232908203,435.610584722169,52.3475190825243,122.80677597186813,45.2154480001939,112.26181530228683,32.91233700179685,79.51559173805471,77.11498111526352,61.72543330672449,50.146045610588935,209.6628366743568,144.52753402144162,110.23115347979159,42.24265926564828,102.45821566202977,86.78872092858687,33.99975056107799,73.99803312670603,131.88943974349468,153.94190668519954,137.80222865144145,41.843464900338525,83.14067894724414,28.700000762939453,59.08643879756185,5.543817521864454,40.09950278910695,86.07361630944031,23.443967954460653,63.817157085065595,112.88451970004007,74.90949516485384,44.79648742891195,48.04071628203718,50.66880833901598,55.28400926661398,82.0757466593625,110.40720111245696,36.477311704645516,41.70894088879941,25.879844553689,51.0364419813798,153594000,3757400,251622000,46874000,4940600,3652100,65678300,488100,22621300,4209400,8469200,7794700,55021200,6627800,3393000,15548310,69338000,3073900,4423500,2848523,45265800,6119400,13274600,10450500,8515600,5289500,59434300.0,3161028,7349200,45867500,191455000,10748300,916628000,14256400,3829500,24804731,10036400,1865400,11064300.0,8482500,12015200,7282800,7594300,4311100,4360300,5399300,17706800,27823800,14882900
2018-06-30,43.655006408691406,243.80999755859375,84.98999786376953,19.703590393066406,88.09159088134766,322.91986083984375,23.410884857177734,410.6435546875,51.367103576660156,114.52764129638672,53.811546325683594,134.4263916015625,34.0391731262207,90.3092041015625,91.84506225585938,62.41086959838867,55.99668502807617,185.0507049560547,161.38412475585938,110.82130432128906,42.25695037841797,97.87046813964844,83.77182006835938,34.55466842651367,82.4137191772461,130.79891967773438,192.80699157714844,125.32188415527344,37.4328498840332,91.30667114257812,39.143001556396484,71.85932159423828,5.86383056640625,39.154693603515625,85.87921142578125,24.17932891845703,63.29679870605469,101.84794616699219,82.82716369628906,46.1527214050293,41.1990966796875,53.73166275024414,61.307464599609375,88.53656005859375,119.4239501953125,36.559391021728516,44.75130081176758,25.376258850097656,58.162315368652344,44.145539026947496,245.49000549316406,86.17050170898438,20.053583908988212,89.42195669993964,327.24136237319436,24.224742821304538,421.16800553631543,52.787143412837864,116.36792411590028,54.59220366623442,135.71744954784225,34.410970787733675,91.2377989022464,93.24012061140112,63.74071348172563,56.600198405698514,188.9099402117203,164.46952750829496,112.05992285019107,42.59697944584227,99.3545793568232,85.94249477359837,34.74374837385116,84.01766987788967,131.85071569360113,196.0614516079048,127.04194828097063,38.90963020148377,92.51039237162696,40.132999420166016,73.04976188303567,6.039571986406046,39.57236504820519,86.37616803420424,24.379268125780467,63.686020802036055,103.69492726263088,83.21509664346378,46.76129396303995,41.544882224821905,54.38897959135986,61.99205799794896,89.5805310179435,120.8063403549646,37.071018398250054,46.107401116296856,25.539212967817704,58.73177422927283,43.136175008129875,241.5,84.71600341796875,19.69790606518178,87.77697942837447,322.7754661526465,23.402579990116266,410.3802312206574,51.336399284561004,114.45166968554398,53.10817513510224,133.93362621440426,33.99171164952864,89.8163339666173,91.0035986646265,62.227444366248996,55.88907679382652,184.95002034827002,161.29313371706473,110.15968983078928,42.07843657726109,97.74948599600194,83.73162613698585,34.121356958046036,82.4137191772461,130.28137107686612,192.4497940059688,125.15626040715121,37.41705507160749,91.04740984754372,39.05500030517578,70.66888130544088,5.862592684793008,38.87920544170098,85.0351705724782,24.17932891845703,62.67242868242091,101.84040009723303,82.17067754708341,46.11982804995529,40.54969714782194,53.71563331714033,61.24303068935824,88.03063906390904,119.25537010764447,36.53746505026806,44.7270857246544,25.3377428846328,57.85297704251166,43.933287364088685,241.8800048828125,85.8499984741211,20.053583908988212,88.2084446044476,324.53681111043096,24.158305468804215,418.17278271468143,52.19610189460263,115.32115691428362,53.28595215044863,134.3081327208065,34.05499462433213,89.8163339666173,91.10693590344758,63.41971567537309,56.151408280296124,188.26393291831425,162.01278208270693,110.27508544046928,42.10393762235278,98.59639177012954,85.76562430128237,34.326194068556916,83.30192709208275,130.85734642099544,195.78363295698517,125.16261981963352,38.680609940139675,91.60297077466609,39.91899871826172,71.02962224640761,6.026948615477423,39.13691984565684,85.76088670427711,24.29262708803435,63.191387352745835,102.82796897065202,82.30993241475798,46.16094709668443,40.54969714782194,53.72364497580725,61.47659900545168,88.16715655229613,119.28065647770285,36.66171593940385,44.89659749291235,25.45032905772673,57.96546029326586,90950800,3774700,90870000,42794000,4698500,3108500,102307600,701800,24193900,4107900,7132000,5229500,20522900,5669700,3020200,15015178,31562000,3393700,4106600,3131250,28906500,7308700,18972400,11485600,4212900,4024500,15811600.0,3195234,13592200,28053200,92525000,31314100,392300000,22144900,4721400,20974705,7679900,3607600,6817000.0,11274000,17413000,5350900,3438400,5343300,3629400,9521800,43888500,24766800,17323200
2018-09-30,53.423606872558594,269.95001220703125,100.1500015258789,20.1861515045166,96.06686401367188,359.71295166015625,24.583852767944336,390.39697265625,55.413997650146484,129.5157470703125,60.070640563964844,156.7289581298828,38.78486633300781,88.1822509765625,94.3012924194336,52.26559066772461,59.8592643737793,188.75271606445312,172.23008728027344,128.6414337158203,40.44425964355469,112.18792724609375,91.2109603881836,36.69987106323242,99.48579406738281,140.51919555664062,163.17947387695312,135.1340789794922,36.99477767944336,106.3069839477539,37.41299819946289,76.59282684326172,6.959705352783203,45.999420166015625,88.91992950439453,29.621191024780273,68.10151672363281,103.37971496582031,87.37286376953125,59.77638626098633,48.27145767211914,49.22352600097656,71.60326385498047,86.63655853271484,137.98348999023438,38.866825103759766,42.737030029296875,27.985118865966797,60.3887939453125,53.44727069576023,272.260009765625,101.32599639892578,20.20578717985788,97.31179540699343,361.9569330964673,24.909302013112054,395.51581171671154,55.946974996191145,129.87246800060032,61.06405587504526,158.53248125481866,38.90444785399384,88.8529209237164,95.42489239009485,53.2840524662628,59.927203377959636,191.41261786273893,173.64352324175763,128.87335297387185,40.83766886427858,112.5045895007925,92.34261129091814,36.69987106323242,101.9811678213429,140.97278853513006,167.47574593041278,135.49963892736406,37.77328026541221,106.49288122724853,38.08000183105469,77.09006130434153,6.981994675952455,46.400886382933535,89.11876655063153,29.668240947650105,68.15060869257611,104.45002683950094,88.57145740814872,60.7971436816779,48.73854537127808,49.86184891258293,71.6682042503704,86.77383186842746,139.10206218147212,38.91834310840473,43.07853447924894,28.122198862298372,61.03515980993742,53.01655155759828,268.44000244140625,99.822998046875,19.95052496091363,95.87741942830492,354.2190905030032,24.550474296848336,389.8420338505131,55.21317056037968,127.87651557649036,60.00855062671673,156.6402639691498,38.31450505167459,87.80725527044858,93.54729851855762,52.080417135226305,59.40055408003131,188.38234657704714,171.56495587083197,127.69053864077543,38.87917045407543,111.5708453211444,90.95229785330152,36.52507399298544,99.36449158972088,139.8640170916951,161.2942587385497,133.95404388362763,36.85973270398154,105.66562627790216,37.37300109863281,76.1679127545608,6.726410972299433,45.93696971434865,88.21207010523284,29.39266244191746,67.74149230439349,103.12162902800945,87.13414221294725,59.12907945681421,48.2205014134402,49.175047808688305,71.0106997779541,85.64333216568075,137.53436464210705,38.62395210398723,42.615062381876214,27.91955864530831,60.36748613334945,53.19877707971044,269.75,100.22049713134766,20.088792386298188,96.7705172972169,356.55011912638753,24.74240488268507,393.03921340343425,55.66117443945598,129.09956617169914,60.00855062671673,157.68492418579973,38.48192100575207,87.97311674552098,93.54729851855762,52.95999878439077,59.71098807412837,190.0237451289631,171.63978125140886,127.85288212141151,39.01600858573932,112.13109678471798,91.86570474757359,36.5489092682611,101.05406653607575,140.057220272191,167.0193361008903,134.3773158153298,37.670008617472995,106.13967355959808,37.92399978637695,76.2040763895043,6.754396623788484,45.98157669364015,88.71313727726103,29.52709117904061,67.93786642278735,103.72888733280922,88.31781622857956,59.34485050203685,48.73854537127808,49.31240679655288,71.15681257105294,86.58003385561389,138.55125197880244,38.80794577986799,42.84273201517759,28.09537830698373,60.55216286882475,91717600,2784500,81702000,26739000,3931500,3600500,74707600,532200,14341900,3599900,6190100,4607700,15474300,5202900,2724600,15978112,35612000,3097800,3966100,2429304,46223500,6638500,15815100,9071900,5745200,3390200,34265600.0,2990239,14187300,21647800,71149000,7452700,709396000,16234200,5945300,15454591,5125800,2257000,7920600.0,20080800,8975900,7206600,3924000,4556400,3666300,8150300,18588600,18918900,9884900
2018-12-31,37.460975646972656,226.24000549316406,75.09850311279297,21.023075103759766,86.30052185058594,313.37225341796875,20.67655372619629,327.8788146972656,40.48937225341797,108.61338806152344,48.593841552734375,134.98814392089844,34.77718734741211,79.22064971923828,64.58258819580078,35.092533111572266,51.81970977783203,141.18283081054688,143.7102813720703,107.16364288330078,40.38895034790039,105.4501724243164,79.46089172363281,37.919029235839844,80.41764831542969,150.07395935058594,130.06927490234375,123.03301239013672,31.714075088500977,94.81721496582031,26.766000747680664,67.22671508789062,3.3095529079437256,40.44291305541992,88.56779479980469,29.56529426574707,75.87654876708984,89.42090606689453,83.64280700683594,47.741302490234375,54.98543930053711,29.470998764038086,54.092689514160156,76.96582794189453,117.75712585449219,33.90889358520508,37.77121353149414,27.91012191772461,48.925601959228516,37.84570111622469,227.3300018310547,76.03800201416016,21.371972243727402,86.56308196837112,314.4800021290086,20.95347179929557,328.73853358275704,40.96379381855666,109.50233134706522,48.89000373630726,135.97367464089447,34.953759945641885,80.27653444544443,65.83410445390231,35.324318379562754,52.713820629058745,141.24198482282532,144.8979680657502,107.19609082154568,40.862291318123475,105.85873565535339,80.42952567414004,38.07118780738662,81.53214042237472,150.26834110449602,133.59163614837715,123.74975254353814,32.05801106432994,95.59203491534865,27.010000228881836,67.51687597930227,3.389130707577157,40.75642263194332,89.0568039555356,29.61948016057423,76.09117088591299,89.66566410090343,84.0307399744394,48.16074812912243,55.164738860146585,30.06727965414818,54.16635507517044,77.51965637034527,117.99565477377072,33.99793146143458,38.09908675981004,27.98203198789877,49.61439109849408,37.16174150533906,223.24000549316406,74.3499984741211,20.74776096196239,85.37704049447703,309.7283900061319,20.449985557692315,322.06109743217627,39.96828199197686,106.41667463709341,48.07945616709103,132.54403194594977,34.42403602750755,78.54342545418544,63.96053638814711,34.07267055248041,51.22859468884806,138.4191765063588,142.7316819555802,105.82531316008115,40.06191339557881,104.11825230126054,78.76900234588695,37.60670824883662,79.68625871843642,148.4090054117341,128.93815202384056,121.71577964372624,31.250160311359522,93.76234450397095,26.0,66.66452533416371,3.278812356119745,40.16523070407198,87.63786211342703,29.19276589839537,75.24094510083714,88.07473396209966,82.11100338175017,47.212800089202865,54.35361761715903,28.801200504914547,53.38062447617379,76.33055543562732,116.30891084491503,33.434021138030324,37.353171022300984,27.640459583189337,48.545333468447375,37.64858765548356,225.55999755859375,75.54000091552734,21.316579204922235,86.12849803712871,311.42885959832245,20.617813771378824,324.8155296553319,40.4271512808271,108.21165338696439,48.42238173956536,134.03217791946184,34.664819069982705,79.48280140607866,65.3231292905581,34.860744153614924,52.457932318095075,138.4191765063588,143.41753621158816,106.70942427387484,40.52664959892909,104.73926392382704,79.4364670573251,38.031147203522515,80.8007574682784,148.71326128116957,133.403113145297,122.90387331113621,31.730069414234155,94.55583163878943,26.016000747680664,67.08163810117547,3.356655053696355,40.478740280595375,88.6479599343733,29.267270482537775,75.63716376874521,88.63308549179565,83.79201082686473,47.91746889053945,54.44753736467763,29.944754860372363,53.4706566927243,76.97397421381163,117.59526415951365,33.64177712605352,37.68924287926967,27.76630177737629,49.0188736068133,140014000,2866400,139090000,26590000,2821100,3557700,56257300,612300,19317500,3455200,5290800,5467700,20581200,6309600,3571100,22610937,33110000,4550000,4206000,2334094,20490400,7409900,13237200,10576300,4034100,2482600,24625300.0,2158062,9518100,33173800,135089000,5519100,465140000,14932600,5019100,20534028,7239500,1887600,7247700.0,8877000,7689800,19349800,4178500,4113200,2552300,7388200,16544500,21017400,15807000
2019-03-31,45.303863525390625,266.489990234375,89.0374984741211,25.08384132385254,99.36270141601562,372.4865417480469,23.270233154296875,359.4290771484375,48.73147201538086,116.55542755126953,52.25145721435547,156.0784912109375,43.668556213378906,90.60114288330078,70.64236450195312,48.2144775390625,58.36214065551758,162.91622924804688,161.6919708251953,129.5887451171875,46.50830841064453,114.9836654663086,83.06851196289062,37.85422897338867,95.7994384765625,161.51646423339844,165.39208984375,135.09254455566406,33.99369812011719,110.56910705566406,35.65599822998047,76.55419921875,4.45599889755249,48.30095672607422,99.04051208496094,29.017269134521484,86.56873321533203,94.56056213378906,103.28778076171875,48.39826583862305,63.803565979003906,36.00101089477539,66.27271270751953,87.0503921508789,143.1768798828125,36.0334358215332,39.96635818481445,29.379714965820312,58.61676788330078,45.33487023011922,266.75,89.64299774169922,25.247336367212068,100.35359782628463,373.2287210567865,23.346141980794147,363.32302946431247,49.19356740851532,117.23502015216059,53.66069883040428,156.20661501333083,43.67664312303511,91.54996214761094,71.68144222602673,48.407526865852525,58.71323893335575,163.8666192477748,161.81835994819002,130.05354450918048,46.80277455089712,115.05770412299213,83.69215723296172,37.89461912583281,96.21074616382452,162.04380434363742,165.88819665106104,136.21083765204946,34.340079643847886,110.92535562378585,35.82500076293945,77.13601422062261,4.480319152760244,48.32793781002289,99.21022580463143,29.092427130660163,86.65193111032703,95.59358678065934,104.14320793457703,48.84805028520102,63.923729383861094,36.64550813480438,66.69382806428942,87.50997551299236,143.98182377694687,36.28019033780553,41.19049295699895,29.421890363390975,59.110077518741384,44.96757179333069,264.20001220703125,88.83149719238281,24.881141899809464,99.21724491409665,365.9629754681075,23.02563768920233,358.43667318151495,48.527835136932225,114.9467490505645,52.12619461133695,153.18102856423087,43.15899451302335,90.09363346920114,70.39743794636443,47.87663937024216,57.84094704933484,162.19494279947952,160.2173710553057,128.82223800806747,46.317770524651785,114.23515836872666,82.54332744293909,37.54725826798521,94.8980654648892,160.6744435518759,163.52672340346746,134.06527021112086,33.8084247820794,109.65035096066116,35.37099838256836,76.23602022331684,4.415052393645264,47.887283364467876,98.0060568664222,28.82596086846288,85.78665903767555,94.1828090480328,102.90980431347836,48.32188759202125,63.10837180065517,35.7118142234822,65.93416231897251,86.46770431352685,141.98659412156047,35.79416027069374,39.536256266716215,29.23211141649994,58.384622498080645,45.275244191354744,265.4700012207031,89.3290023803711,25.126383669337603,100.18086996419277,367.7012838060932,23.236495183091417,361.3970738114417,48.817625849515444,115.2736486726183,53.4571403807229,154.60019516980188,43.43399572277073,91.41021187727992,71.53299931543448,48.16621336042719,58.52528961118453,163.50172904910542,160.81564290495635,129.80892019840937,46.59491473855779,114.56417165001199,83.32289342145597,37.70074207990139,95.19560321852767,161.81415644043855,165.09442273136773,136.07430359163388,34.21924773635744,110.69097987177881,35.715999603271484,76.90874251877294,4.465429084674269,48.08512863763857,98.83038769431059,28.969442068006835,86.41065277152678,95.5242071618199,103.96416486144805,48.372807502197986,63.5203428440092,36.546355440647766,66.66905731386578,87.03398114281215,142.3034287353026,36.22037002390088,41.19049295699895,29.397789643723122,59.001258158685765,94256000,2097400,66416000,24493000,4891000,7694700,83446300,455900,13406300,4681600,6810900,4913100,19582300,5318600,2785600,9734708,30890000,2632800,4674100,2869687,18736100,7168400,14523400,16045600,5318700,2952000,13455500.0,3418527,11811400,25399800,47056000,6492000,456896000,11485700,5758800,21681834,7535400,1951100,5625500.0,8529100,9099500,7984800,3886600,4327700,3646900,8608300,53590800,22319700,10889200
2019-06-30,47.38652801513672,294.6499938964844,94.68150329589844,24.242170333862305,112.6143798828125,357.526611328125,24.591638565063477,397.71380615234375,55.201416015625,117.95430755615234,47.99541091918945,149.53457641601562,44.5473518371582,92.42840576171875,69.28785705566406,50.72465896606445,53.69620132446289,174.399169921875,176.4706268310547,143.0594940185547,41.712989807128906,115.34805297851562,92.44420623779297,41.4550666809082,88.68370056152344,177.6563262939453,191.4972381591797,113.66497039794922,35.513084411621094,126.05276489257812,36.731998443603516,76.53025817871094,4.080219268798828,51.462093353271484,106.75045013427734,29.86054229736328,91.87191009521484,106.59449005126953,113.85130310058594,65.14656066894531,72.2823257446289,33.30559158325195,72.1603775024414,94.80366516113281,145.57052612304688,39.46232604980469,39.517601013183594,33.460567474365234,56.22883224487305,47.76481622109825,295.1000061035156,95.64700317382812,24.36344098720085,113.6270340300256,359.70707200856987,24.820595588157474,400.3070371506409,55.343301948827175,118.8024734009262,48.53830874906772,149.5740060672802,45.564786338568624,92.45811663264985,69.51841808704135,50.72465896606445,53.69620132446289,175.45612623240814,177.3446208164894,143.7068242667556,42.00054701043499,116.85533545335204,92.96513284275247,41.84584774697819,88.92098428540966,177.93864793480807,191.6956778650276,114.34037827247168,36.12915114750925,126.65498711228183,37.15399932861328,77.25955469235498,4.108542126655406,51.56145901164489,107.79247286571382,30.136261821924318,93.8073764433225,106.6799027775954,114.01045586642314,65.46343205680628,72.39441573165291,33.33911264637467,72.59362024345565,96.5136996182497,145.8115501279487,39.72590913187539,39.83494527969262,33.76945886289169,56.30221377455583,47.178231489393795,291.95001220703125,94.19999694824219,23.98615718727488,112.39542274374432,355.1300678784819,24.36268154196948,394.5866700904299,54.491986349614116,117.7033283284264,47.74363195448284,147.43540614535408,43.97758789537563,91.44796968806949,68.17966380143284,50.09663914293422,53.24988932159318,172.984198015214,175.9784727410965,142.57604921180047,41.547428684168416,114.71035557478253,91.70002086747449,41.12941993335277,87.27755194363304,176.50993882192955,188.4610667537676,112.63547599615451,35.45634154485196,125.29998352842092,36.48699951171875,75.36338932095005,4.033511597472698,50.911068117483765,106.44923170432952,29.62617862288517,91.34405098761934,104.90954067563041,112.72731514994152,64.06749131255981,71.84257697048763,32.84464099850868,71.44385552740424,94.58887642807656,143.358254128627,39.221334982528575,39.08334127630483,33.38485567477645,55.722534399055114,47.568487904600694,294.5,95.45500183105469,24.242170333862305,113.38983394285208,357.4382179190023,24.600118634519685,397.0866927061813,54.6102256295992,117.7033283284264,48.20784998343104,148.2435335402082,45.507810254886735,91.66336925224302,68.58872918713843,50.19325672400854,53.41998464668975,173.46153480144855,176.3009216494735,142.73173640144094,41.6258530737925,116.55719236145748,91.81578233524327,41.74001107884977,87.34786071553026,177.0061262528813,189.06631769759005,112.68792661121532,35.82922412426464,126.62675906746058,37.0260009765625,76.56672369990184,4.099349482984611,51.39886128810461,107.68663835611939,29.950149410677927,93.7235912112544,105.68601569747712,113.63247184197056,64.79543891889354,72.04951486131537,32.878165258680816,71.48551629481783,96.1749940660198,143.46155951274432,39.45479346297974,39.091694201735606,33.47873470193296,55.90597702681263,124442400,2648300,60748000,49265000,4338900,4737100,101856900,634300,20388700,10469400,6108800,6936600,103123400,7048300,3735900,8832104,33672000,4854900,11069000,3767929,26646200,12792400,21634700,16339900,4298900,3658200,16378900.0,4306557,15445600,30043000,45927000,12443800,397668000,42570500,6318500,39726209,12152000,3171700,6679800.0,29217500,6735300,9742700,5284100,6129800,4759300,10087100,31030900,19520100,14781300
2019-09-30,53.82722854614258,276.25,86.79550170898438,23.463212966918945,108.24435424804688,376.0252685546875,24.898828506469727,380.6839599609375,54.86191940307617,110.15809631347656,45.06028366088867,146.2921905517578,40.47095489501953,88.99627685546875,55.38092041015625,43.235111236572266,60.55650329589844,177.74951171875,198.08023071289062,139.33949279785156,45.20539474487305,107.95205688476562,98.00340270996094,44.64481735229492,97.15827941894531,184.65899658203125,176.6934051513672,108.78912353515625,34.85872268676758,131.25912475585938,26.761999130249023,85.84024810791016,4.328969478607178,49.9108772277832,112.38184356689453,24.998308181762695,104.88853454589844,109.73419189453125,103.03910064697266,65.8450698852539,76.52900695800781,29.085874557495117,89.75780487060547,107.40196990966797,140.29205322265625,41.993812561035156,42.59739303588867,36.11772537231445,52.45576095581055,53.9738314040598,279.0,86.87300109863281,23.518456975835864,109.12290076520873,379.28670517806654,25.197580630316853,383.5371216842318,55.513146328026394,110.84707579746417,45.79573606335615,146.81452065912697,40.67572596879003,89.61159659240703,55.865933643504704,44.00889113120269,60.867432931571535,179.8767170025668,198.5668446157688,139.6194871609944,45.26680293256003,108.70299357237221,98.90274083957326,44.84163644431705,97.45869957838588,185.2180167345908,177.27880755981747,109.56336111717204,35.29170169403539,131.4385072947318,26.88800048828125,85.98648697419438,4.339165913267927,50.13762117806001,112.89825051236404,25.262692962285517,105.71496257475097,110.52493767171276,103.51655132710049,66.42341384124738,76.65017880245924,29.341240422226818,90.16079206895354,107.53492463691157,142.8297544199755,42.24422591134626,42.94364452519026,36.34901231325907,53.07978937562743,53.06296988230488,275.1400146484375,85.46099853515625,23.159798066452726,108.11623331733996,372.289428536917,24.822006485249947,380.1372332245774,54.806327082377074,109.78308233241457,44.83094839201256,145.27709505720975,40.094176869175875,88.853706610035,55.052602708903,43.235111236572266,60.1736696213121,177.40642084746486,196.45815397423488,138.4006764045814,44.68780905830038,107.63498850342633,97.61202096171368,44.40699832353209,96.27470102473028,183.02491445666004,175.47298662494165,108.48472759535886,34.7852013012514,130.0789916379322,26.277999877929688,84.5424095483759,4.266050513424115,49.02204135787868,111.3735948718017,24.991351055616953,104.67771179131155,109.10785280988456,100.94032869200433,65.62063544497627,75.82794034320028,28.77944136461841,89.34641383202735,106.01414953765666,140.18812457831152,41.70545525016735,42.27647922151295,36.08120509851504,52.43347503622181,53.08940658347618,277.5400085449219,86.34950256347656,23.4394158469653,108.94902634900195,378.5257113422288,25.171972747220895,382.77683470448716,55.43372959261461,110.18425899642284,45.526860959048726,145.80927505864025,40.094176869175875,88.95125527533419,55.50030504243849,43.91216910705243,60.52972419632317,179.8767170025668,196.5179206610614,139.0347934418558,44.907124970466846,107.69340119751502,98.56132690916193,44.40699832353209,97.0434166545179,183.32593338382588,176.4850336273538,109.32513138201442,35.185498943229774,130.3339044250626,26.399999618530273,84.56982759254096,4.297385955837763,49.20343721006775,111.53754629092187,25.241821583848292,105.04876189820044,110.52493767171276,102.13394400909223,66.3716238110721,76.52035654295433,29.068853197150734,89.5563048660654,106.1138750934418,142.05891947100616,41.735809260725595,42.87608490905926,36.114681435703666,52.92378227067321,103909600,3992300,52894000,19826000,2345800,3183300,39191000,362500,8661000,2795300,5923700,3671200,14903600,6108300,3159100,7040620,24470000,1794500,3249200,2206350,13652100,6552100,9755000,9808700,4024400,2488000,10740000.0,3000166,6213700,17280900,67272000,7401200,186184000,17445100,3705200,17205391,5206900,1726300,7390700.0,4775800,6588300,9583500,3639000,4233400,3296600,4403900,26897100,10204200,9768900
2019-12-31,70.78545379638672,329.80999755859375,92.39199829101562,27.1306209564209,114.36318969726562,323.83331298828125,30.22710418701172,432.3586120605469,63.900516510009766,129.80775451660156,51.81523895263672,160.28672790527344,39.58081817626953,91.32054901123047,62.76042175292969,54.02029037475586,66.4205322265625,198.3322296142578,187.62791442871094,146.48744201660156,52.79318618774414,122.55422973632812,117.01171875,45.730140686035156,106.33976745605469,171.04144287109375,203.65185546875,117.75386810302734,42.076324462890625,149.39224243164062,32.356998443603516,92.83612823486328,5.856023788452148,48.26588439941406,112.81403350830078,27.52294158935547,105.9998779296875,125.99900817871094,107.5947494506836,76.75088500976562,76.47664642333984,34.695804595947266,108.27883911132812,107.4161376953125,157.4411163330078,45.3098030090332,45.86980056762695,36.32865524291992,52.46432876586914,70.79268511683624,329.94000244140625,92.66300201416016,27.159810624699585,114.43668367058105,324.6385198431698,30.26143117429355,432.5220279942244,63.94051176421946,130.29119617875483,51.92678903665988,160.89775218604183,39.59732431674697,91.41147938867617,62.77540501129266,54.02029037475586,66.48351115662122,198.3667400486106,187.73959902211487,146.55365838181552,52.86375513795149,122.67185171436506,117.07887192191339,45.75492881398677,106.40192302666944,171.33572688518254,203.95943928360214,117.86733298635953,42.084557114262864,149.4585617173354,32.492000579833984,92.90943847497577,5.865481056746165,48.28410523351556,113.30104505088008,27.53699031334186,106.07625583772578,126.58309658778934,107.87325919474306,77.22062275240584,76.53753520885286,34.713066585032536,108.92068700635893,107.49987196881618,157.85041728778057,45.386222491132486,45.88685292862864,36.62212103397566,52.47936904597049,69.78990032835488,326.25,91.61150360107422,26.854182058249247,113.71094645382621,321.4077418604176,30.012544965409223,428.55707869174086,63.26862932849455,129.02546288590625,50.91486868044296,159.4588856465537,39.12691033192538,90.36573957801997,60.97711102692943,53.05218556937583,66.06050885599129,197.24538784588154,185.96110151576593,145.21291767256108,52.36096314491871,121.63845770590963,116.07998930295832,45.42444775604015,105.16768614271271,170.13261216193428,202.01470897164327,116.85278761515843,41.76355278714927,148.20809337232998,32.10900115966797,92.10304680748621,5.727355476853931,47.874145154403664,112.285747025851,27.19277680465235,105.19362998707821,125.49384445094006,106.62990670246238,76.44641626691667,75.94604130542076,34.1175394849478,107.56941980188581,106.38627256671042,156.35255279119284,44.98883477074018,45.57991693540887,36.12995379094482,51.885404178062515,69.88873327875099,326.25,92.0999984741211,26.881654012962112,114.17946177274816,323.4853769842606,30.064037083288923,430.6900687094577,63.444598683146765,129.58800952582007,51.11406612748771,159.69540341304133,39.23419867091653,90.55518557294245,61.329277622958685,53.2458087533229,66.24200742818745,198.1424748728145,186.52816401172726,146.040541845548,52.59030550326712,121.9073152670421,116.26465732368067,45.60621265308089,106.17105657533642,170.34034904630744,202.41158838306944,116.95958955794497,41.944630299463604,148.51124246988692,32.20000076293945,92.16719151977232,5.74651875151284,47.89236598850516,112.83054600331762,27.248977349461605,105.60099825464592,126.17265933926217,106.96810252654983,76.54210530550758,76.05912521878771,34.53181734583105,108.4392914200604,106.54536002073358,156.71832183479634,45.164601911741634,45.639598572712124,36.53041078777812,51.892918581927034,100805600,1592300,50130000,12487000,2340400,4958800,29630100,296900,8031200,1952500,3639800,3273500,14892600,4215700,2238900,11367670,19514000,1447200,3789900,1834363,14432900,4435000,7201600,7982600,2651300,2278700,8953500.0,1881906,5131600,18369400,37133000,3213600,231004000,7094500,3229400,15175703,4798900,1499800,4080500.0,5173400,4115600,10649000,4059800,2813300,1588800,4732000,12566000,14736000,13151800
2020-03-31,61.44305419921875,318.239990234375,97.48600006103516,20.70125961303711,78.91853332519531,149.13999938964844,18.336624145507812,381.2772216796875,33.91331481933594,102.71229553222656,24.714828491210938,141.89674377441406,32.68057632446289,55.55081558227539,27.00411605834961,38.47195816040039,57.62125778198242,134.16099548339844,161.4908905029297,111.32564544677734,47.97390365600586,110.87275695800781,76.0559310913086,36.87995529174805,76.75228881835938,144.01441955566406,165.501220703125,91.94053649902344,28.16869354248047,149.80975341796875,37.54999923706055,76.02971649169922,6.564261436462402,44.22562789916992,99.80573272705078,23.162979125976562,93.90922546386719,76.12177276611328,95.23085021972656,59.31656265258789,57.45002365112305,11.814920425415039,78.96398162841797,84.27498626708984,123.54779815673828,26.639707565307617,24.730655670166016,34.88661193847656,28.957727432250977,63.424386025978244,326.3299865722656,99.6510009765625,22.064173343996536,83.79505605111477,160.63999938964844,19.42490257784104,397.4479477134675,35.61220173249953,103.48237463008725,25.613550222942628,149.75142674881818,33.603377996633185,57.528751101592334,29.026419561354242,39.6348360604186,58.18906316864204,139.81071028676715,169.0849656488655,113.25609860044871,49.463116042798426,114.7452301599692,79.55333765097156,37.93009499267058,79.33002339096318,147.6376326983803,169.59905230840994,93.91391728914395,29.237447673627795,156.52558451872216,38.30099868774414,78.77723009845785,6.858109324130412,46.83359328825236,104.45945427643494,23.41845215341297,97.57168603856222,79.95489977011489,98.90222327371897,61.692731563997086,59.70468095307772,12.16525215342855,82.19999941126079,87.02427711490822,126.76264571619876,28.12441550765557,25.635435074186557,35.67572109952387,30.086445419243503,60.88973245903772,312.67999267578125,97.20050048828125,20.610458537810434,78.42074007739889,149.0,18.103421271278926,378.69474945137716,33.53489197037233,97.59615507970085,23.84018019595421,140.71410962698,32.51430463863602,54.28585654787466,26.447796759496203,37.89051921039129,56.370097362055304,133.40596984297824,160.40107157637905,108.17201200862435,47.17611347974965,109.95959615521717,75.47302784963382,36.72160182601876,76.28847107645068,143.70957574569658,162.92145945555544,91.38152717170013,27.936717077589815,148.71735229790227,36.64400100708008,75.71729413436968,6.418582401485569,43.923651122150815,99.33205047959942,22.87911877996097,93.0128166154556,74.94479326556123,94.36548175779421,58.44851728691632,57.0742474341306,11.648513460168301,78.27601097663727,83.89548575155368,120.47312350057845,26.229863913633526,24.265339421090303,34.58570543316808,28.500137172052217,61.75958725464871,316.4100036621094,98.21749877929688,20.779838971783477,82.91009262160918,155.0,18.8462148792369,391.60708414644984,35.129107296127486,98.01217458935692,24.096958926815294,146.87367814279193,33.36228738212129,56.17179302594164,27.74086788845094,38.132782040136384,56.96567688694709,137.23319343706413,168.48816256009127,109.7030636164232,48.80715545664227,114.1364562914421,77.76239902237079,37.56338019760938,78.55402455644523,145.31215206746563,164.19149156944218,91.38826274213962,28.60779275400701,151.41508315184382,36.792999267578125,78.2258849797561,6.653909598396458,46.77868746768393,103.82788217329592,22.992662347710485,96.89724627408114,78.51549085760546,95.86744607700922,60.76330938842087,58.70843826938784,12.156493672295898,80.92597584572974,86.03756419299903,120.63956127991472,27.405259176251885,25.34245854185444,35.09847353462487,29.23990620168175,197002000,6413700,102472000,50191000,6075900,29954000,95213700,1389200,26219100,8970800,13481100,10429700,26014200,18514200,7816000,24307107,65228000,3588200,7335400,5619056,48074700,15746100,23379300,25373900,5523700,4519900,23676300.0,4321985,17122600,77927200,93665000,9610100,949960000,15802000,7091700,29466151,21691000,3563600,9881400.0,13213900,20109800,25754200,6388400,8968000,4247100,11034500,36920300,26258400,41491600
2020-06-30,88.38372039794922,435.30999755859375,137.9409942626953,27.839885711669922,88.24644470214844,183.3000030517578,20.6562442779541,474.6533508300781,41.580345153808594,112.99890899658203,34.055274963378906,184.61949157714844,39.14204025268555,69.41165924072266,38.42665100097656,33.14324951171875,70.3212890625,172.57666015625,217.9671630859375,121.19927215576172,53.33504104614258,119.72942352294922,80.28611755371094,37.57664489746094,121.22111511230469,161.7384796142578,225.30197143554688,106.10250854492188,40.36819839477539,193.8538818359375,45.50400161743164,90.32283020019531,9.464971542358398,50.8165168762207,110.76408386230469,23.436819076538086,102.76009368896484,84.64736938476562,173.30345153808594,80.59332275390625,64.67355346679688,16.216461181640625,102.40225982666016,107.91565704345703,148.9324493408203,28.807931900024414,22.507619857788086,36.93979263305664,34.76687240600586,88.6696163504572,436.9100036621094,138.48150634765625,27.968671892683503,88.61722950956224,188.49000549316406,20.79540200143115,476.30210888697894,41.94651320862714,113.49913914015391,34.31461997710374,185.17138643403987,39.452557261150574,70.00285589822248,38.69213203643718,33.33735553381233,70.61635097847407,173.26655510385723,218.95906935047813,121.97881838072274,53.4687554676345,120.06146078722878,80.79826046047415,37.702798747808515,121.9567738292536,162.3785208042387,225.72861605804886,106.59224245111089,40.560427531387454,194.7016526637686,45.75899887084961,90.55312807727064,9.493372787486537,50.97281712499196,111.23307909324997,23.565829306593294,103.12104586175207,85.31515260113947,173.76101196510072,81.22951715524148,64.92841677226113,16.322278963901567,102.83772527428403,108.53610256459521,149.93666590196233,29.03482833388372,22.74500530990598,37.047729937060254,34.96123103445504,87.22077962710664,423.8599853515625,133.75149536132812,27.05834576439079,86.7355049216923,180.3800048828125,20.090915818967225,465.8248145103442,40.40047479411743,110.77466360520039,32.645083746068266,180.48026511245567,38.688851190750235,67.17909569515365,37.00063155479574,32.318309131386286,68.77804426486243,169.08355896365228,214.1213506119615,119.0450300080141,52.18507865815046,117.35406902455495,79.01431076282879,37.0383944579992,119.43582171391225,159.47640138584418,216.76892758571236,104.78294670771008,39.3318323375408,188.35766642321764,44.70000076293945,88.10275529168514,9.234519824970947,50.10856064440292,109.58325760919172,23.09996055230111,101.23893435690097,81.9440596682708,168.50909188814697,78.64056350285323,63.98806229588729,15.511014906289635,100.98486529745165,105.68883720306343,144.78344120265444,28.009884535309737,22.129561917811067,36.55737983180419,33.55407349683915,87.24015876930861,426.67999267578125,134.2534942626953,27.340618436342186,87.28241410385733,188.02000427246094,20.17788981086311,465.8248145103442,40.53066753538182,110.77466360520039,33.123251694805255,180.79562715724776,38.73081563093622,67.36578906410753,37.20543245080518,32.56093887348547,69.27147126590755,169.27568059525504,214.91313904746195,119.24619972528349,52.33662234929174,118.68221808167316,79.23623892161501,37.21500728190527,120.48547008457642,160.37947741699088,218.87241577847084,105.36790147908998,39.3318323375408,188.49102314215313,45.00199890136719,88.43438479692428,9.281855550312175,50.38438688226573,110.4039769004225,23.314977122106644,101.3850331091997,82.05669706160162,169.79222507089338,78.81728117373656,64.66476993228954,15.678559027404216,101.50571446643931,105.73133631413488,144.97723856018607,28.103771582742223,22.164729201301682,36.767092240786134,33.76398117144554,140223200,2944700,75394000,25125000,4367100,65493100,61716200,1067100,23360400,2778800,6313900,4478900,21888800,8263600,3104900,13947676,40286000,3102800,4524600,3912968,31542100,7738300,19137000,23679800,4462400,3163100,33927100.0,3518154,11894300,34310300,41985000,9065500,367892000,18885900,4626700,25451676,7818000,3350900,6831900.0,9378500,11324000,18613000,3633900,5572400,4068600,7709300,46610000,20509200,22153600
2020-09-30,112.43614959716797,490.42999267578125,157.43649291992188,32.4295768737793,93.34918975830078,165.25999450683594,21.097902297973633,494.5826110839844,35.43408966064453,134.22933959960938,26.886829376220703,247.68360900878906,33.317970275878906,56.81595993041992,27.47834014892578,30.281652450561523,72.67930603027344,176.564697265625,242.90798950195312,138.7607879638672,46.472408294677734,127.59696197509766,82.97322845458984,41.857112884521484,149.36920166015625,193.56903076171875,259.8607177734375,109.94418334960938,40.691497802734375,200.83462524414062,50.00299835205078,115.90257263183594,13.48784065246582,55.121604919433594,116.90830993652344,26.560792922973633,120.20368957519531,89.41685485839844,195.98219299316406,104.53919982910156,75.92034912109375,13.811765670776367,135.07757568359375,122.19698333740234,174.29074096679688,28.379175186157227,20.75514030456543,43.32521438598633,27.215862274169922,113.84391175108092,497.239990234375,160.6439971923828,33.02418968864954,94.53176489671486,170.97999572753906,21.299334752931898,501.0243637700619,35.828623332086565,135.84927410046106,27.25525488401927,251.71442639013114,33.58018445970309,57.51826784236942,28.10528036588089,30.57328894074901,73.7008616762661,178.41846457783134,244.84105640862185,141.55101463577955,47.01090871957262,128.32544293920782,83.77477754023371,42.069069101809795,150.95420692631407,195.958982040609,264.0081630667946,111.94840645310317,41.23012634058873,202.41012994138174,50.4630012512207,117.50899470698381,13.579550597046405,55.75868751927193,117.40596846245464,26.74896348388491,120.94744986237842,89.71786294309999,197.66320799942005,105.94276990658828,77.01603873887025,14.220082673610401,136.56203529188417,123.44642954845033,179.0094385414879,28.632489768736328,21.07295668503474,43.89190171287792,27.683594817655273,110.30995505877512,486.2200012207031,156.69949340820312,32.19725233759327,91.46824162917623,164.11000061035156,20.817648157084495,487.17549807636345,34.9327021400177,132.96040349524623,26.649399257508687,242.65739589056324,33.00500724958642,56.508207295765004,27.371302002114533,29.84419678523989,72.19134227406526,174.27164872688445,238.36838668843265,137.42047526767203,45.9069874705067,125.84858150627541,82.10273393006744,41.45015733543135,146.32525719437032,192.61657323551648,258.0747455292031,108.86656458011879,40.009801527327475,197.21571715131006,48.926998138427734,115.5517469273355,13.108789549903188,54.816910944197026,115.47435939364217,26.2351157920586,119.18317513633278,87.34230982000075,192.28297646814727,103.86406373984335,75.52272428238278,13.687494984166081,134.28815169845873,120.24580338122193,173.80383192866663,27.975456013843043,20.525606439098585,42.48602398231729,27.057307280620076,110.4750007366762,488.1300048828125,157.0570068359375,32.3076267810772,91.46824162917623,164.5,20.826406307793086,489.00974696608773,34.99845931966216,133.19438869390694,26.796769460628116,243.0811669182612,33.06421638356998,57.013237569067215,27.860620911292106,29.84419678523989,72.44821428907602,174.5527817408508,239.20810083063466,139.7386289897714,45.98776236305691,126.37137988168573,82.18030001466555,41.77233169128424,146.77554418674487,193.0222413656807,259.9401118127102,110.45896771052713,40.11920758976303,198.35199677037934,49.25699996948242,116.41958041608979,13.11601652435821,54.95540884605873,116.39377792154512,26.249592465125335,119.48587334018661,87.49688556524586,193.02798624276068,104.37929935473656,76.54771620113989,14.033677066957368,135.10331677384926,120.80206895759844,175.406238712126,28.062533467807363,20.622717373986188,42.54485870604002,27.461619641196467,142675200,3508200,97922000,22403000,5060900,38436700,56226100,741100,22533400,3642800,8111700,8188500,27113200,10466500,6033700,19417934,40924000,3075800,4778800,3059287,27711300,8487700,16400600,15755900,4198600,3034100,20142500.0,3656052,15047300,33829100,46341000,8699700,689184000,11001500,7060700,22629275,8727800,2501100,7939600.0,5829700,10134400,15527200,2806000,5599600,3606200,9457500,43071500,34826400,22223700
2020-12-31,129.04666137695312,500.1199951171875,162.84649658203125,39.30685806274414,113.05733489990234,214.05999755859375,26.71079444885254,636.4537963867188,51.3093147277832,164.81166076660156,33.14328384399414,219.31016540527344,38.200843811035156,67.62096405029297,38.51258087158203,52.542972564697266,86.9136734008789,232.9485626220703,233.599853515625,180.13970947265625,45.038543701171875,135.81912231445312,110.53541564941406,46.85927200317383,145.04806518554688,190.36366271972656,271.0331115722656,121.01004028320312,58.102561950683594,212.934814453125,54.073001861572266,130.87242126464844,13.017684936523438,59.97078323364258,125.98137664794922,28.367759704589844,121.00154876708984,122.50105285644531,232.9545135498047,135.91293334960938,94.97509002685547,19.49451446533203,152.1014404296875,141.4684295654297,185.20584106445312,37.21993637084961,26.765897750854492,44.801361083984375,33.46646499633789,131.04037638768824,500.6600036621094,164.14599609375,39.365208908998035,113.19758723365601,216.89999389648438,26.78129466514048,637.2300284259138,51.46741883676443,164.88409914881782,33.391919989269255,219.5663979968855,38.277672453984415,68.22150549340044,38.96049280064923,52.68892589720654,87.15467774663676,233.1429009854183,233.89008747866362,180.39379286535168,45.37303212279284,136.0607615778496,110.76158582543509,46.936174658511334,145.36435519772996,190.67415548956527,274.9325043424121,121.06541704038662,58.280607843467784,213.49008188993298,54.54999923706055,131.16844258384617,13.113410256321384,60.04494175500073,126.11730032432445,28.452529130044418,121.1319892864217,122.75591881155043,233.44191317740587,136.10921149038035,95.11713187705371,19.619536001574705,152.2220664364402,141.69252640015517,185.58830746875023,37.27585790291236,26.819109797053322,44.83865755617346,33.839937650460946,128.10329400367584,494.8900146484375,162.05999755859375,38.87595081271292,111.42099108977614,212.6999969482422,26.349480630269625,623.557835415951,50.36900365755719,161.85080579347755,32.8283430404696,216.98431214031174,37.69719009757154,67.22861201798932,38.25001252080312,51.47265433226973,86.09294955931111,227.90463427219836,231.8057653218724,177.5735508451293,44.044117172641165,133.86010605844731,108.57818982263764,46.37222293922094,143.91847769762123,186.99250747177248,267.7091894539124,119.89540458339879,57.152983855834584,210.311657515392,52.314998626708984,129.85481710171078,12.87808475898394,59.34038982876608,124.57119767094551,27.96701948503582,119.4796807832514,119.89482390846676,228.46850334424332,133.91448480853728,93.76770382054025,19.146239212489913,150.00771478092673,139.53770361704437,182.92879516020423,36.65273051850179,26.31359112921332,44.397327824560485,33.26349032381696,130.3984948026051,497.989990234375,163.75,39.16860912423426,111.93526629262294,216.24000549316406,26.446419057987196,624.0517963647382,50.48550175621021,163.2089943735627,33.07697918574471,219.05393281366136,37.884994170651254,67.98129258157154,38.844652695977025,51.813209625735176,86.15147161928257,228.61130452560445,233.55589168545512,178.69994471450082,44.071236830220855,135.0855660852016,108.81305400172765,46.52602824989595,145.13843770014483,187.4094668952617,269.88213998871845,120.54617939722665,57.48364143793603,212.24551795281667,52.553001403808594,131.08518791117305,13.098952036695424,59.64631052731676,125.2847775283226,28.25216049017248,120.27974693097018,120.65120474284127,230.76621625874165,134.11076294930825,94.10505914135582,19.17302856837581,150.27481428536137,140.38239046546533,183.54253294594997,36.85245114658158,26.384541088005243,44.816900687931934,33.669439668858814,99116600,1462100,59144000,10211000,1747800,10487600,28716000,361500,12500700,1717800,7612500,6011100,15105500,8350700,2407800,9570828,21070000,2043100,2607900,1492190,28576800,5099900,8580200,8495000,2335300,2610900,12900400.0,2202195,5297400,20942100,53923000,2949900,192424000,6928600,2076800,30796500,4076400,1353900,5002700.0,4941700,3566300,7844300,2571300,2906200,1739900,3778500,21081200,17814000,22786500
2021-03-31,118.97354125976562,475.3699951171875,154.70399475097656,41.949241638183594,133.1166534423828,254.72000122070312,34.265045166015625,668.9894409179688,61.0536994934082,211.0657958984375,44.30415725708008,208.8043975830078,44.500247955322266,85.0937271118164,56.36151885986328,63.92573928833008,102.28064727783203,289.9905090332031,270.1347961425781,184.6544952392578,58.208805084228516,142.71865844726562,133.375244140625,45.41413497924805,172.4638671875,200.06822204589844,292.2366943359375,134.4948272705078,66.181884765625,226.23538208007812,52.16600036621094,123.18511199951172,13.314690589904785,65.2999267578125,121.12174224853516,28.224515914916992,118.48556518554688,145.2484588623047,241.54856872558594,118.85633087158203,97.42111206054688,24.394981384277344,171.2690887451172,163.8837890625,196.95330810546875,44.52251052856445,34.75986862182617,42.39178466796875,46.09807586669922,120.30791022058675,482.4100036621094,155.9665069580078,42.257758103002615,134.82954405932165,257.8800048828125,34.53073703686846,676.3451462658792,61.96006522874214,215.74461629322522,44.906363743114774,210.5783559609366,44.7928430309921,86.25494530701934,57.340639711370756,65.38634149931494,103.45792116829037,295.00104299673825,272.5861324817278,186.4408965586608,58.654464305226156,143.62177034917545,135.35533586177257,45.810463206821964,174.27755815215912,202.16584649583004,294.1913564992557,135.71636556483116,67.32383015628568,229.4307174616961,52.8129997253418,124.38089774833209,13.436632836630071,66.16538141646173,122.73156530795399,28.380323941080487,119.64041878015308,147.26890574010767,243.9258580540759,119.69000862886016,99.51629111231719,24.565448941120465,174.08797231079478,165.14982919532454,198.88343768082387,45.118181507822534,35.25809166548329,42.71323914210349,46.758624394620014,117.99954584614659,468.70001220703125,153.125,40.930503297785904,133.0319531375519,253.36000061035156,34.06135054253093,664.4552919237402,60.81032315321,208.31677102157474,44.03650922092771,207.0698688568141,44.36255634811451,84.93943742999232,56.097314939653415,63.92573928833008,101.51100739464236,288.60707023776837,269.1525007562863,184.38227881932056,57.82681146623054,142.15420191441564,133.27886787659673,45.2332029562276,171.54795823179816,199.94325805441656,286.3627760195834,134.0550668605026,66.17336094131133,222.99206578776494,51.54399871826172,122.28594946236986,12.949859836344844,65.0579768832672,120.88198303533198,28.07649992454668,118.33683646800043,144.6108559231486,236.00819798144636,117.04557222313841,97.34979217106628,24.14376360553011,171.23449376971755,161.75057984682894,195.85419858803152,44.506410897950644,34.626414990565586,42.12026167922771,46.0733031314533,118.4865435529561,469.70001220703125,153.2030029296875,41.527632496034755,134.56602242594644,254.6999969482422,34.20305129705996,665.4490646509967,61.02012968067876,213.32329149376739,44.588533694319004,207.39509581260157,44.603519122848226,85.71087964373523,56.82776490817726,65.14290779748413,101.87797712697532,292.85495102130136,270.3560367618595,185.6072389370853,58.21790215295141,143.24837226246655,134.29519695746177,45.68984185814166,173.19842365157263,199.95217918950328,287.732035744542,135.37433535196283,67.04260246989088,223.49104090390196,51.56700134277344,123.37050327486673,12.98277686105414,65.79314155577345,122.72300714530286,28.162194487526147,118.70428624364587,146.97080681329973,236.8437272032056,117.39517549469777,98.36617371860743,24.421896413630936,172.9725152512081,162.67844295874326,197.5877401343281,44.73179958516283,34.937805665551345,42.30439742525576,46.52743004753986,118323800,3155900,61878000,28684000,2957300,14138500,49270000,638100,15224800,4512300,9293100,6838000,22212400,8954400,3458300,12557044,42570000,2624500,4744100,2599450,33013200,8281500,16736700,15826500,3564200,3564100,19498200.0,2902572,12085500,43623500,35031000,6878900,314776000,9971700,6257900,26582700,9202600,1970100,7633400.0,8361300,6478400,11046300,3556600,5427500,3246500,6752700,25832800,24546000,23686500
2021-06-30,133.6250457763672,585.6400146484375,172.00799560546875,43.47939682006836,155.5066680908203,239.55999755859375,36.66825485229492,779.9917602539062,59.78818130493164,198.99896240234375,51.33317184448242,240.73558044433594,45.937374114990234,86.09422302246094,65.20276641845703,65.58226013183594,121.08870697021484,337.7118835449219,283.6854248046875,187.38600158691406,51.3745231628418,143.94985961914062,137.077880859375,46.971641540527344,176.41970825195312,207.32130432128906,345.0025939941406,139.66835021972656,78.47023010253906,260.54498291015625,52.82099914550781,143.4966583251953,19.956785202026367,72.75102996826172,127.80290985107422,30.80769920349121,118.80340576171875,158.9784393310547,289.929931640625,128.77914428710938,100.08229064941406,28.83455467224121,209.7091064453125,167.6744842529297,197.46827697753906,46.195945739746094,40.381595611572266,44.18439483642578,52.84305953979492,134.0640853489463,592.239990234375,173.5800018310547,43.63896874008399,156.38194763413964,241.1699981689453,36.78387242080439,781.9440373793259,59.838882999787565,199.2915603326327,51.37531666162223,243.06143342196256,45.99804585402939,86.20929977366613,65.96075732412051,65.92332956763678,121.25483726670456,338.227964904447,284.930863184707,187.82168707368783,51.59415216041152,144.15082994564474,137.55379207307598,47.03240665854881,177.59298369534287,208.4521917985943,350.17204882576885,139.91444801153972,78.65851176849763,260.98739143175976,53.4379997253418,144.2861647106467,20.116419372850345,73.09684294579684,127.92366526442075,30.894238164908884,119.12037975495709,159.52015375772692,291.1434449423537,129.40985146986634,100.78047566184884,29.167852547424854,210.75877228913194,168.28484111934918,198.186574751687,46.39866622750237,40.47075652705257,44.673174545222864,52.968714862444294,132.56157584088896,585.0,171.75,43.08640105297781,154.06670550228517,236.0,36.21468345680982,775.0799178443508,58.66424645530636,195.73457910340093,50.414400682883524,239.97671761945654,45.60801088423353,85.25580579636419,64.60105971604243,63.58458370428119,120.35973131531956,330.0327667073849,282.6178906798019,184.12266169274164,50.68818734540258,143.01488694112203,135.46510798966156,46.65913332701663,176.31057022322366,206.97126674293673,344.466820433669,137.49558569215316,77.13514489364921,259.2946864726012,52.68199920654297,142.59568137657052,19.81835223637548,72.5080331922046,126.96624264383297,30.540216505051898,118.2398979331935,157.9783677881362,287.9704068096849,127.79706352825811,99.59893021869377,28.708445166804772,208.89365568182978,166.9682132143027,195.52889079784725,45.798612222705366,39.63263235721663,43.4543573502256,52.31529823690671,132.8542738516881,590.75,172.05299377441406,43.59702354469929,154.06670550228517,236.24000549316406,36.2502552225841,776.4527308693908,58.88396454520907,196.2466359457835,50.97914830653249,241.92806413114184,45.8940376308711,85.35443942813286,64.96833415172351,64.07182149352234,120.99448449461066,330.0327667073849,282.8402913601097,184.12266169274164,51.55754674566915,143.30324262687168,135.50035419737873,46.70253650968188,176.5652348757142,207.2584703915782,349.4278886007124,137.74872841501778,77.16937851740497,260.3430182689333,53.40599822998047,143.77529930065486,19.953542508047825,72.51737428547989,127.16462371689805,30.791964574044933,118.49524518515332,157.9950392502214,289.9796536004577,128.2565795470145,100.55669806406075,28.91562666400573,209.75247078368614,168.14532717708707,196.22023990385833,45.920245752666794,39.784206593787324,43.72694665457341,52.52472697028454,63261400,1704200,48080000,15381000,2331800,12089100,29159800,575600,18502300,3249500,9309600,4168800,15826400,7927500,5392400,13754002,24474000,2238400,3061500,3041144,29891600,6151700,12531000,14614200,2715900,2450700,15107500.0,3100032,9780300,21656500,27734000,10281800,326568000,7899800,4943700,21248100,5776600,1291400,4236000.0,6449700,6759100,10883200,2773200,2687600,2828400,4664100,18168100,45511200,17875500
2021-09-30,138.26132202148438,575.719970703125,164.2519989013672,44.54111862182617,158.08273315429688,219.94000244140625,37.946739196777344,750.8853149414062,59.74935531616211,176.47767639160156,57.56071472167969,267.2956848144531,47.50572967529297,84.5141830444336,63.85832214355469,62.79899597167969,132.58023071289062,338.01165771484375,293.50579833984375,182.06927490234375,49.07413864135742,141.95733642578125,145.0918426513672,45.89175033569336,185.27371215820312,217.59075927734375,336.74737548828125,124.28961944580078,83.8912124633789,271.6627502441406,61.034000396728516,135.11814880371094,20.67229652404785,81.73404693603516,130.62425231933594,34.14300537109375,123.86555480957031,164.13478088378906,258.826171875,116.75146484375,99.12287139892578,26.818204879760742,199.1387176513672,168.53073120117188,176.8458251953125,48.5685920715332,41.56031799316406,43.83125686645508,50.02018737792969,141.07540882378817,586.1900024414062,166.3925018310547,45.421965680577024,162.64036400343971,226.14999389648438,38.751261642245055,772.3734604779382,61.043439373030516,182.82082835401596,58.51199348480328,270.29170709230664,48.788725821196586,86.18030794510857,65.5448778181294,65.27364650100019,134.43143155227392,346.94410532635624,302.8493983128944,185.47428920104238,49.71888217132339,145.3854029621387,148.0169053698803,46.64393124632054,189.474935682725,221.48033515094463,340.13079708981513,128.99422709765992,86.53786751550682,277.35769732785985,61.900001525878906,137.21148932393447,21.021558534466575,85.90846326197924,133.24697552469993,34.96859844783226,126.47045484960431,166.87819448235723,262.06884462247405,118.65237038637528,100.78525850022729,27.46061218258095,205.32780003805792,170.96824855535792,182.5298682015085,49.56545854165586,42.22299209731557,44.57026812190589,51.16821826854185,138.04635622911155,573.239990234375,163.69949340820312,44.49978752703936,157.96950474011203,219.4600067138672,37.75007656320956,750.4376452427285,59.55353667498832,176.16511837049904,57.51825091193215,266.52697193587403,47.48827356038252,84.5141830444336,63.57193185192935,62.75023280382296,132.46121921545426,336.7509173589128,292.94249461539704,181.91489536978958,49.055716996093295,141.87823029318045,144.2940908962564,45.856764401142705,184.73486363532106,217.3290535863511,335.5170100804958,124.25419055447041,82.97738569706841,271.37364767786374,60.80500030517578,134.3645484878503,20.64435571548034,81.72467138781317,130.58950671638692,34.11125412064588,123.6263257088603,163.97537580719484,257.3540620723199,116.49801261301471,99.12287139892578,26.610101810497547,198.58161376811307,168.43428209525868,176.77364525435797,48.51956789562553,41.3006211539645,43.79037742955022,50.01168486315324,140.37188712321222,580.6400146484375,165.8000030517578,45.421965680577024,162.47050698383916,226.0800018310547,38.751261642245055,771.9257907792605,60.983843524927245,182.59100380425633,57.94292788974611,266.7339249981027,48.701445246644326,86.15531708852039,65.50509818537931,64.82870218765146,133.16094144275186,346.926232354187,302.4291580173991,185.40568070397904,49.516247586987625,144.7173732662337,147.95485215026704,46.503987508117945,188.99086948911025,220.89374535747422,337.7991194420631,128.75333649711808,86.40855737108302,275.31483525135485,60.80500030517578,135.7229001384888,20.724186869005347,85.59889840488471,133.06460748969442,34.76220169277497,126.38184747316727,166.8614116317778,258.26915243258867,117.99158519996621,100.21015801208424,27.38822843128224,205.32780003805792,170.52106934658514,182.47573668752162,49.53277367971741,42.21403514916396,44.22749481721326,51.125699206666674,89056700,2743600,56848000,15735000,3088200,10366900,47410800,562700,22090900,4978100,15845900,5224200,18538000,15319800,6709300,14356273,37996000,2665700,4255000,3113398,20534100,6972300,13161200,17672000,3828600,3136800,16547100.0,3869778,12258400,32343600,66126000,10133600,221009000,15649900,4949200,21103300,6934900,1455300,5321700.0,6976800,5974500,13322800,5425400,3270800,4098900,5648600,22947500,22457700,31289600
2021-12-31,173.7589569091797,567.0599975585938,166.7169952392578,61.509281158447266,154.75807189941406,201.32000732421875,39.96175003051758,823.5178833007812,51.78703308105469,191.10513305664062,61.845794677734375,250.4529571533203,55.68207550048828,98.88975524902344,72.64286804199219,57.631919860839844,143.66461181640625,343.8582458496094,372.60589599609375,179.60870361328125,47.76451873779297,151.3542022705078,141.2042999267578,52.188331604003906,236.92672729492188,243.26206970214844,333.7310485839844,126.87967681884766,85.20953369140625,324.6764831542969,60.24399948120117,155.34405517578125,29.352548599243164,82.09367370605469,151.878662109375,47.28765106201172,145.8335418701172,169.27764892578125,187.57713317871094,166.15794372558594,105.56065368652344,27.21341323852539,202.15118408203125,166.2692413330078,228.38357543945312,46.272727966308594,43.13215637207031,45.68430709838867,52.73495101928711,175.38331824017646,570.1699829101562,169.35000610351562,62.05466295959309,156.24321209427163,203.69000244140625,40.168339912900755,827.3496302473309,52.10432314760759,192.02950728503814,62.26563822369022,252.77879549897298,56.07748305737029,99.51334458506511,73.24801907273745,57.936947238820316,145.49597213944008,347.858176421682,373.97057842547247,180.19444498330586,48.376646409223184,152.77863693538225,142.04250786452585,52.31172857553412,238.10914086390412,244.21488872964468,340.7658393357724,127.39396558046822,86.12100085705207,327.61121600779853,61.40800094604492,156.32270600555844,29.97031979961117,82.93145974274088,152.14970011891202,47.88825629071171,145.96726323543302,170.44262695350585,191.20771640373235,168.2295788706629,106.02090980621374,27.404224314314675,204.05529787416148,167.61901442488687,229.652733958982,46.44572791899149,43.47376257565253,45.794817752000405,52.97626370781378,173.45559766181222,565.0700073242188,166.55850219726562,61.3114663581015,154.42698224347095,200.02999877929688,39.7731215062266,821.6649792490734,51.55549602559143,190.11604586193624,61.41738102841149,249.9601917333755,55.63814207236933,98.7043622609305,72.315757184601,57.284186408741675,143.66461181640625,342.3212057740018,368.00904212933364,177.7739282494884,47.72741923334181,151.31880470727992,140.85652860585765,51.73881358452736,234.51602463641962,242.48164207284336,333.6516545396448,126.07967642370873,84.61924735529837,324.22275355126135,60.20500183105469,154.91532211786395,29.272707665423898,82.0654348570118,150.47973990008015,46.79915832056194,144.8350527333743,169.12568742915846,187.39808252653006,165.912628362005,104.3242821043033,26.795443396733116,200.21212484121435,166.0928029574692,225.85434644463825,46.06677848493629,43.00630235739915,45.12544853702134,52.312659567654975,174.2677857929612,570.0,168.95599365234375,61.65348306306668,155.23104887412606,202.1999969482422,39.98869549408816,823.3200264609142,51.82133559399762,190.60596307460042,61.52876622388897,250.78803402976106,55.840238523241084,98.91503494208702,72.69193248690864,57.650219262318245,144.85278953169095,346.0604597476682,368.0988025975137,178.18740012891936,48.12623006118308,152.6459298238147,141.29346403591148,51.78288345117168,234.7909980308624,243.19854104874275,340.34909630287945,126.80825542820767,85.70433204499437,326.79066689386144,61.000999450683594,156.17357528024428,29.61502640680273,82.88439738827036,150.78575830246055,46.871231070199386,145.1916521098127,169.20166173678592,190.4318656587818,166.55773539644724,104.3874539728712,26.868133577948647,203.3128736868654,167.09851650556308,226.21695526013815,46.173873095161,43.17710374455791,45.213856337241005,52.347133278529355,64062300,1581400,47830000,12046000,1743600,8053000,24253900,215100,12307200,1374500,3453900,3169300,10359100,5706600,2062300,6092452,18136000,1601300,2386100,1630227,16319000,4409500,5805900,10021300,1774200,1519200,12870500.0,1691862,5124800,18000800,19959000,2752000,266530000,5908200,2914900,28579600,5327000,925200,7360400.0,4113300,3674900,7785200,2485100,2813900,1516700,3282500,12649300,17947800,14072000
2022-03-31,171.0801544189453,455.6199951171875,162.99749755859375,58.600074768066406,177.33737182617188,191.5,37.20560836791992,691.92431640625,46.15348434448242,206.968505859375,86.37104797363281,209.24789428710938,49.28401184082031,138.656005859375,99.06907653808594,55.87019729614258,137.92755126953125,298.4621276855469,270.36737060546875,168.53237915039062,46.31538009643555,157.81082153320312,122.28829956054688,55.0657958984375,185.94154357910156,225.64434814453125,220.62863159179688,107.37175750732422,76.3978271484375,298.2515869140625,37.45899963378906,125.70227813720703,27.236408233642578,78.16580963134766,147.30677795410156,41.772987365722656,136.95855712890625,156.57579040527344,115.03497314453125,139.43338012695312,82.51296997070312,37.652313232421875,186.16680908203125,162.9389190673828,248.88775634765625,44.14191436767578,43.759254455566406,47.20174789428711,71.96703338623047,174.4310152677539,465.42999267578125,166.4949951171875,59.46742720145713,181.2350012723949,197.5800018310547,38.71296634969785,710.3141792525047,47.415357808203424,209.1698986076688,88.48713601315161,213.65320286735624,50.273937061154896,141.4916304261395,102.93279027005116,57.36617405524728,140.9431247655112,304.2487249597082,278.162352174798,171.67645510117637,47.90408071465325,160.46431131070887,125.90348200973193,55.63421647530049,191.96517315121466,229.35825203546614,226.71090621508176,109.0809937235004,78.83661437918288,304.858779193998,38.400001525878906,129.5791034535941,28.19665973571714,79.28070961293423,148.99651827967463,42.668642012471004,138.33889256244356,162.7980774714616,118.25774065278472,141.55014704258528,84.01864437941923,38.65491516236449,193.16714049537055,167.50348176663198,254.10765907024432,45.969046524034624,45.53816048782315,47.71522467492384,73.54423049930797,170.87439311711938,455.42999267578125,162.95350646972656,58.44838332316711,177.2804744499312,191.4499969482422,37.18755574354589,691.92431640625,46.118911655796985,206.60623700380978,85.85282300370861,208.72554915906528,49.24866001782453,138.5623361111595,99.06076569038099,55.851877717902255,137.88490447229108,298.4621276855469,269.9699695513752,168.50639574694665,46.26865067181949,157.58821415107604,122.23446398986555,55.0657958984375,185.7576188507855,225.64434814453125,220.5294041691088,107.31406413025155,76.3978271484375,297.84530566978634,37.361000061035156,125.6462300550523,27.220438470476218,78.0335267647515,147.20996928513767,41.748781481668665,136.60001867569662,156.4824131605143,114.97528706500084,137.80017158152313,82.51296997070312,37.58851148107651,186.02644827228193,162.67250216031616,248.88775634765625,44.13360743581682,43.73216563506684,46.96719784703063,71.93218415162619,174.24485383998842,461.5899963378906,166.44500732421875,58.67452708341261,179.7366409932517,195.0,38.6678365103558,709.5536249399537,47.11285172775542,207.3307605416673,86.37104797363281,211.39634408568148,49.531494831732424,139.20098994168904,100.44006846139263,57.24405350348363,140.88856773781393,303.91419140058304,276.5816789386224,170.34260767224933,47.8480111090413,159.9122357639578,125.43700288101368,55.26119174225436,190.22705850839677,227.87086368594217,226.6712091900149,108.5040336298002,78.42577832206679,303.6592133025089,38.35900115966797,128.75702690373961,27.731507065559907,78.52484253072943,148.1780425459141,41.95857299228255,138.12378316736132,161.42289709670945,117.47691924032922,139.497241073146,82.83043081710765,37.99866460345824,191.52671536124885,167.068347250599,251.0376742605663,45.69497796784729,44.92412196231306,47.160545116971434,72.21102456501937,103049300,4141300,59966000,21731000,3801600,6447900,67902500,931600,29202400,3152100,9777900,7141300,27587700,10395900,4036000,13203013,37524000,2632000,11044600,3475836,43698300,11490400,17353900,16822900,7318500,3803400,24192300.0,3819785,8422700,33422100,41347000,7206500,523440000,9433300,6076200,26055200,7538600,3301400,13928300.0,13364200,11306100,11618700,4615500,7170700,3793000,9511300,31238500,27163800,27861500
2022-06-30,134.15296936035156,366.05999755859375,106.20999908447266,45.58588790893555,132.3237762451172,136.72000122070312,28.260107040405273,555.4086303710938,40.15850067138672,166.83920288085938,78.52275085449219,162.65200805664062,37.945865631103516,124.29994201660156,93.59044647216797,38.92353057861328,108.0698013305664,270.1972961425781,249.29666137695312,151.31504821777344,35.237178802490234,159.07583618164062,101.76760864257812,56.2776985168457,161.28309631347656,226.52789306640625,159.9944610595703,94.27323913574219,67.05628967285156,249.0297393798828,17.48699951171875,95.70896911621094,15.134648323059082,66.27354431152344,147.69326782226562,42.65054702758789,129.6057586669922,135.02854919433594,69.46858978271484,117.16387176513672,69.77642059326172,32.712467193603516,124.40254211425781,137.3762664794922,195.44114685058594,38.599002838134766,35.56376647949219,38.676124572753906,75.38914489746094,135.77198324759192,370.4200134277344,108.18000030517578,46.32999722677444,133.51700035514955,137.49000549316406,28.641387073589605,561.6098748580622,40.78720289485328,169.9938087082851,80.1839617496646,165.076420611903,38.3908218479687,126.99576841082914,97.0310203202743,38.97855119303439,109.97902466562923,273.20838099764285,251.81446007440798,151.84610649417073,35.7929109851963,159.7748332064675,103.09607421510097,56.45661415294721,162.58503573537078,228.0969175066977,163.94346739412538,94.85602991836274,67.73514361974654,251.64774884681984,17.94499969482422,96.81402406863313,15.541992886601182,66.6339817499474,148.50856563203595,43.02474524369989,130.19164734939906,136.47494947080347,70.51300895651123,119.31930408449394,70.22399615688734,33.79190575857294,126.16424353573565,138.64588021722082,195.56943661722076,38.93449854946831,36.05405157921813,38.82881844697932,77.11453789175444,131.25836106107414,357.55999755859375,102.5199966430664,45.10732839797176,128.20000129502182,131.60000610351562,27.815280623608402,543.8087654008735,39.52106124478069,165.3085685146585,76.79159936319998,158.77887895843787,37.545404356975546,123.12374147049557,92.64979588894928,37.755883765649855,105.87494437052855,265.83988196359144,243.6339443699328,148.15485753815753,34.59667379214647,156.8533844533241,100.24936325895432,55.606767440863976,157.67275965673667,225.21577107159254,157.25595666485037,92.73613625709636,65.70740662477357,245.21910548593416,17.030000686645508,94.37915928299253,14.838125505254764,64.69898696311287,146.78048801772584,41.56048906092252,127.29829332684888,130.5524081242327,67.22061384429978,114.95340933478171,68.38801993984687,32.309966038205495,120.81748671072229,134.908594784637,191.5374605379525,37.59250930502465,34.75570592447685,38.138512387735254,74.53524995234793,134.67301697127326,362.8999938964844,108.11000061035156,45.794201290987466,130.49098575999437,134.3000030517578,28.296420249046207,553.4206052989198,40.35933642772984,168.23917385877144,77.42984982747592,162.66187298965878,37.705588866626734,124.10248065565246,93.72603230886244,38.2388366695518,109.09830333262894,269.79702857015343,246.0790118384884,149.0950726861229,35.04879434183594,158.4933432190135,102.27368813884739,55.7498992672388,158.85465791383058,227.78494953622877,160.88744734437603,93.76330218638488,67.505919597629,249.24305888897192,17.707000732421875,95.46548763902706,15.33632348637109,64.69898696311287,148.10978057062027,42.04857342079342,127.7129224521457,131.8276396294945,70.44338151751292,117.04463752539979,69.42932217212507,32.34655800404221,123.4776461798389,136.33913740472624,192.43548890439632,37.96994477988528,35.47297448183599,38.45344191060242,75.8292963771127,98964500,2595500,97679400,18890000,4123500,8455100,46312300,721800,21207900,4197100,12748900,9539400,24947900,10685000,5585800,13967359,43170000,2669500,4058000,3047404,35141000,10777200,15172600,15514200,4415400,2786200,35250600.0,3995956,10182400,31730900,78947000,9027400,686070000,9888600,6295100,33495700,7410100,2296100,14264700.0,9277900,6781100,15332400,5899900,6807900,2314100,6233200,20425700,19166100,39948100
2022-09-30,135.7935333251953,275.20001220703125,113.0,42.012943267822266,128.78225708007812,121.08000183105469,27.59648323059082,505.572265625,36.74506378173828,154.20480346679688,91.17282104492188,141.7587432861328,35.91687774658203,124.46772003173828,96.58226013183594,37.89453887939453,94.86592102050781,268.5985107421875,252.45115661621094,146.086181640625,24.518293380737305,147.37889099121094,95.27383422851562,50.47945022583008,174.4016571044922,212.8773651123047,134.62355041503906,81.3237075805664,70.31757354736328,226.30587768554688,23.54400062561035,78.06439971923828,12.123101234436035,58.18558120727539,145.6524658203125,35.87392044067383,114.53475189208984,129.09072875976562,85.6122817993164,104.2073745727539,77.4035873413086,32.99217987060547,131.52870178222656,139.29806518554688,179.5293426513672,34.21466064453125,36.76841735839844,41.43888854980469,77.60602569580078,140.60821907927374,284.2900085449219,116.91999816894531,43.319668232868764,132.37146889576962,125.4800033569336,28.501135925682078,521.4483146162165,37.891420804832535,157.68211511882203,92.5893263444861,146.47944412696765,36.850717390065256,125.74124757901113,98.22466323973637,38.739224974092146,98.08927949827253,275.96767781769046,257.80319254423125,149.7871097077826,25.27943484950694,149.5260658129056,98.1183760894761,51.47966836404891,177.44748655897382,216.6507361056365,139.8922179917955,83.27400646643292,72.23103875854326,233.72956515957875,24.243999481201172,80.95705961512864,12.616454666511402,59.205043372758766,150.09538450447653,36.57074209636515,117.06585041730028,132.77977955680853,89.0439317585002,107.25113319241126,79.6450346087622,33.644670581114255,134.93236601329798,142.9159668628167,183.68536522981867,34.96989445705953,37.60946349509849,42.28875191521871,79.14374976779963,135.59701890511008,274.8500061035156,112.83999633789062,41.97793084544635,128.50542101178263,120.98999786376953,27.569068878769514,504.9107332090228,36.692157273119356,154.02623637264588,89.97904294557559,141.67004912536711,35.880960046763356,123.44543980705329,95.00900604892118,37.8761784194735,94.77665485097518,268.2777363859526,251.3716084783403,145.78870962665383,24.48974989514429,147.34281015051968,95.18266448644368,50.46142787481392,172.6837428659395,212.729748066334,134.4449592124269,81.24275263936379,70.18407471122833,226.14069268839654,23.326000213623047,77.48210736316403,12.059184927057526,58.17605511995897,145.4294282257991,35.84932780212055,114.49846282329474,128.9179423047081,85.52276405948002,104.15202864502146,77.30253771354833,32.41320751198459,128.96708799804048,139.20806223402641,179.44639571483407,34.17223239697519,36.731849225325625,41.43888854980469,77.60602569580078,138.8199033723931,279.69000244140625,114.08000183105469,42.49077981410766,131.15914948083216,123.13999938964844,28.10820559749829,515.9817139913512,37.37996879590222,155.90586584297674,91.2530039245023,143.89734326662978,36.50950609238862,124.77960459881263,96.27106643675013,38.341366287768885,96.25444618583867,271.30238011084845,254.1711298093362,148.82469191866437,25.022548923283036,148.85845324861543,96.69610168109314,51.24538123825085,175.90599572656444,215.25763718782093,134.99067978704159,82.4276495859098,70.99395588105673,231.54326959007867,23.700000762939453,78.23345187646292,12.071169294217576,58.366605942479104,149.60469907392013,36.21003338562138,117.02956826993734,130.23977780090232,87.48228127895203,104.926808300364,79.52561550712487,32.597008650277026,134.36508864145276,141.49400537043184,182.47818428470228,34.605005701355424,37.15237229367565,42.250414936177926,78.37044250179781,124925300,4578800,59479600,27202000,3717200,8383000,42294100,851300,22266400,2963000,7172000,7575600,27989900,9402700,3329300,12709126,32941500,1970800,4789100,4042728,43821000,8985200,15973400,16124600,6049000,3629300,33166400.0,3722909,8090900,35694800,118486000,48176100,565638000,9794400,5971900,22962300,9431900,2140700,10641900.0,7568100,7737500,15329800,4328300,6074700,3267600,9457900,21182200,19602300,21357600
2022-12-31,127.8792953491211,336.5299987792969,84.0,53.34721374511719,141.57748413085938,190.49000549316406,30.441686630249023,655.5452270507812,40.34587097167969,226.64842224121094,106.18413543701172,130.67152404785156,43.17435073852539,156.70303344726562,113.96489715576172,51.336639404296875,87.50675964355469,316.7930603027344,290.72119140625,188.41455078125,25.48586082458496,160.3974151611328,123.35436248779297,57.72528839111328,186.02198791503906,244.4981689453125,119.40298461914062,89.28984832763672,76.40015411376953,233.68666076660156,29.488000869750977,110.23042297363281,14.598594665527344,78.27965545654297,162.1813201904297,42.365966796875,138.471923828125,137.8028106689453,70.84125518798828,102.04998779296875,91.651611328125,49.29778289794922,132.93344116210938,149.8793487548828,191.99349975585938,37.420833587646484,37.989707946777344,45.47239685058594,98.83009338378906,127.8989838922634,336.6400146484375,84.05000305175781,53.396829387237226,141.74995729633545,190.64999389648438,30.607130865159164,659.5045750131393,40.39047107752854,227.2160897903962,106.37310637961589,130.72080359503238,43.20153751089492,157.104627152567,114.1144788667055,51.48368375612275,87.57618553312793,317.0790556253415,292.84736802130647,188.590397926302,25.514787979531604,161.41437964155935,123.56592829729485,58.00660733937081,187.19839163146884,246.21456976094046,119.48236352635037,89.37175795918041,76.56190489710218,233.8230797011239,29.500999450683594,110.45651532089457,14.613578243254633,78.4616144244643,163.34835332954108,42.49825696082742,139.49520095304777,138.35249056159273,70.88104337973296,102.16137127461572,91.69780951770073,49.380775940580016,132.96912603725656,150.0335626192019,193.7737052657934,37.58386745355912,38.118517242188894,45.5365400283532,99.00929298963108,125.41876059384748,331.6400146484375,82.47000122070312,52.28624263738833,139.64186908633414,187.0399932861328,30.202713572164622,646.0445535836133,39.92662249060657,224.88867016239922,104.39340490577554,128.47379459324674,42.5490307742034,155.1402736260985,112.58344473655093,50.71783166475729,85.86036345245435,313.12121033340463,288.10722586065555,186.3308318591065,24.878364821712026,159.26242067554622,121.82737752025436,57.325991620491386,184.12666369310278,242.5219905363854,116.823230694738,88.23999730701162,75.64532169547068,230.60747353761346,28.32200050354004,109.06226360686378,14.217995786415349,77.34114640460372,160.95144037781753,41.96082639561968,137.44864670320223,136.3021078773594,68.69273836670524,99.52519167503569,90.76466106933265,48.320313193295064,130.93552366721713,147.14883178897557,189.7774990769063,37.13766588687409,37.71368752663973,45.15811106116302,97.31583142112497,126.38329646538533,333.0,83.12000274658203,52.64975947189706,139.9101704246256,187.5,30.423303547901845,655.2306722328428,40.078266933816614,226.48758647076508,104.44739464211122,128.72017729114435,42.839034536536865,155.42838040857552,112.84741799019653,50.79747803140818,86.26700621056507,315.2800273595461,292.22146679251586,188.13320104277682,24.974792963033074,161.160141985181,122.16772434894152,58.00660733937081,186.7595713193469,246.04757594674118,117.23996617259452,89.08881779613822,76.11259792738707,232.1178355853205,28.55299949645996,109.80649173675262,14.318889147477543,77.69547832350482,162.82767658445894,42.40730688172645,139.26678988472713,137.1920626289531,69.11051058561358,100.2213667627661,91.64237732929311,48.43096941090355,131.31904761140012,148.49141013399841,192.5498060195674,37.24063774532531,37.82409499273677,45.39863788488309,97.31583142112497,77034200,1740900,62401200,14376000,2247200,4007400,28198900,413000,11802800,1521100,4220500,5630200,13199800,5005100,2179400,6625342,23986300,1031400,2581600,1697600,31030100,4216600,9292500,7650200,2154600,1720100,19583800.0,2506816,4455600,21938500,75669000,4355500,310490000,5375700,3136200,11396200,4532000,1035000,10175700.0,5642300,3988900,4629800,2391100,3249000,1554200,5737900,10021500,11505900,11799600
2023-03-31,162.54519653320312,385.3699951171875,103.29000091552734,61.65060806274414,158.60679626464844,212.42999267578125,26.457700729370117,623.4789428710938,42.23914337158203,217.5387420654297,90.22850036621094,196.88937377929688,47.75796127319336,143.70545959472656,102.4432373046875,75.100830078125,102.87969970703125,303.94366455078125,273.5989685058594,168.9244842529297,31.88681411743164,141.7515869140625,120.7534408569336,56.72324752807617,187.66424560546875,260.9147033691406,210.28976440429688,79.29887390136719,79.5346908569336,281.6304626464844,34.54800033569336,115.86363220214844,27.75243377685547,89.32003021240234,164.7594451904297,34.0437126159668,136.70225524902344,111.88905334472656,75.5361557006836,119.14740753173828,96.68854522705078,45.491455078125,148.65695190429688,169.94151306152344,187.8652801513672,31.349197387695312,34.61162185668945,47.48139572143555,99.01272583007812,162.64377453412575,385.7300109863281,103.48999786376953,61.715955356899585,158.7318017714271,214.8000030517578,26.531708212291644,623.5069238526926,42.31121009915495,217.7478785344495,90.85603676487676,197.10619179331024,47.821906238621985,144.19868529173192,102.72028463784375,75.15581678342137,103.0383842078249,304.14808502163385,273.99760483855556,169.15427916007664,32.11130370114696,141.92534915655853,120.7812396128961,56.92442734339139,187.9082405681586,261.87586285032927,210.51796930568898,79.35923328414157,79.59810092406812,282.57802388172956,34.58399963378906,115.92976412432505,27.809382571922825,89.3969325596652,164.93116596007792,34.06874692250527,136.70225524902344,113.42962533016896,75.62567344064736,119.51162931844985,96.82782717943357,45.843528439775206,148.83645402250838,170.20646920571053,187.98663265259557,31.357895278114828,35.139407125066896,47.80019055186308,99.47320316542259,159.597903820846,380.260009765625,101.94999694824219,60.148599076903,155.5298561409296,211.38999938964844,26.14316848583424,617.4129845431835,41.73469002389444,213.79331649055467,89.9829465668701,194.13974902050415,46.94494372582441,142.8158793403348,101.42443567510384,74.08743606381071,100.2117479628211,299.58584205375,265.8486181170172,167.34236370316307,30.96934968031998,140.1420255314559,119.40052093424592,56.57693588648639,181.73315894506743,259.87893385474763,205.1600216261787,77.71455713245258,78.05813129037685,276.4530846466407,33.720001220703125,113.93634977435143,27.081027225666862,86.907279570975,163.87374277871615,33.60982177098371,135.67255684379435,111.23761619721824,73.72583471169611,117.94267118910845,94.56219486758522,45.04673250599145,144.45653112345235,167.30116639452925,185.42898625669415,30.523073613322705,34.54680636984865,47.165818062878074,98.46195233772059,160.12033413577524,382.2900085449219,102.16000366210938,60.593533281633654,157.3760202151609,211.75,26.476203041219893,619.7238610173816,41.977906638626266,215.20023719218523,90.77418087262708,194.63251449998745,46.990618203310675,143.30030223539086,101.88021750463884,74.26026644289988,100.46961878932184,300.5614684541044,266.0618277268964,168.04060595293842,31.037671302059724,140.64500386975706,120.15111562474102,56.750683359111235,182.14608451253758,260.2708643459659,205.62636325509658,78.08423081573086,78.6288288057666,277.16620757595643,34.005001068115234,114.23866816256435,27.115996118368173,87.0514623048285,164.63291627447063,33.83511143182116,135.82884934968885,113.07748806620289,74.11376009584902,118.27887701147576,94.56219486758522,45.259828517575805,144.95017221988428,168.12342821987846,185.63434545419543,31.140494459452206,34.93569929089345,47.20124012016904,99.03078092830296,68749800,3063400,56750300,22097000,3594300,5147500,56482100,516300,16009200,2746700,7708800,6634300,20588800,7041400,4940100,9247391,36863400,2281100,5800600,2867459,59765000,9890000,13105200,14440900,3151600,2902500,25440300.0,4319354,6142400,32766000,56102000,5659400,433933000,10476300,4479800,23393600,7685900,3600500,8378600.0,6222400,6900100,8154000,3094100,4793100,3422600,15541700,30287900,20868000,14418000
2023-06-30,191.46450805664062,488.989990234375,130.36000061035156,83.80223846435547,168.12161254882812,211.16000366210938,26.752750396728516,648.7328491210938,41.928123474121094,235.16848754882812,95.28508758544922,208.20323181152344,47.61970520019531,139.9453582763672,102.96797943115234,86.29524993896484,118.71878814697266,301.9793395996094,290.0605163574219,184.364501953125,32.772010803222656,152.51451110839844,135.8315887451172,55.487491607666016,212.86997985839844,279.935791015625,284.7455139160156,76.65943145751953,78.0306167602539,333.3890686035156,44.04899978637695,104.61483001708984,42.268959045410156,114.95552062988281,168.56787109375,30.937143325805664,140.37977600097656,112.25859069824219,66.37512969970703,111.94389343261719,92.4388656616211,45.75748825073242,119.18507385253906,165.73521423339844,192.29627990722656,29.164836883544922,39.828243255615234,50.80689239501953,97.677001953125,191.96791501002735,492.80999755859375,131.25,84.49203682704977,168.98055706763674,213.24000549316406,27.144390584896534,653.2758429424791,42.62024560339373,236.00955979582469,96.01161307512369,210.7557680175233,48.09829209707628,140.45230292661887,103.79575250451593,86.61733745389778,120.08748080780242,305.24685655336697,290.79815936449444,185.24411387882878,32.88961640935033,152.90150853317903,136.35459037328218,55.60727276611557,213.61508001488647,280.58307621674874,286.79937337324867,76.89685842277265,79.02655452363028,335.533083567571,44.4119987487793,106.39679602419866,42.516766447959405,117.50387389777246,168.8409024911323,30.996183417777363,140.68507177958688,113.46184426145558,66.61882192001359,112.71501202927546,92.81213124032548,46.3070999290105,120.94710842162911,166.21394153333497,194.17582525466045,29.570884035284564,40.332162835467486,50.92002473352095,98.25076645617926,188.78950625721086,482.7200012207031,128.9499969482422,83.50275043117749,167.28197429065625,209.3800048828125,26.734100440492487,648.0851840456725,41.91901463844479,233.10400964589007,94.30106081161343,207.90758460133628,47.41722369780437,139.27831655640549,101.51937312047264,85.31328441685893,118.708875567441,301.89508017763814,287.8755132477753,183.75143473687814,32.49760519925002,151.43644384082705,134.1691846052818,55.16499495091079,210.87049681011513,276.63372038523056,282.2054491291331,75.97777502712206,78.0306167602539,330.1192082632096,43.11000061035156,104.07455258934759,41.46858596097829,114.8976060207909,167.34834659065655,30.481688429929385,138.57575420769575,111.26925280851233,65.40033805201777,111.32323332636653,91.95362539291952,45.338292300594546,118.48931038243498,164.1793153886372,191.1121715006687,28.997119266791337,39.772251004583886,50.03111669058162,97.27627356777657,189.15473724224137,482.739990234375,129.47000122070312,83.907544270863,168.16022507010157,213.13999938964844,26.985869514005724,652.4686248166333,42.60203140604406,235.66549472930697,95.41383822752988,208.794556307911,47.748555788656745,140.04319160480154,102.46411188966361,85.61965393489861,119.1849366580173,305.0502512354341,289.07071376719296,184.5155391603186,32.69361080430017,151.90636627237808,135.0470863028697,55.28477962427197,211.36094120755314,276.8682431790212,282.54279817177024,76.59815457201223,78.59711091151954,330.65764695892886,43.11000061035156,105.77120782809466,41.64744701058792,115.67948270162385,167.49395130056723,30.540728521901084,138.61276745648274,113.00728195535365,65.73852627155381,112.47050891094055,92.75614389532689,45.64570384854968,120.91095662783154,164.68567507894218,193.18907541909206,29.314896469816343,40.08020304554136,50.092530648787175,97.74075356457547,85213200,3096600,54350700,23145000,3371300,5488700,50479000,921900,15228200,2377900,7000000,5984200,18188300,6346600,4116200,9250648,29532200,2361800,3230700,3193504,33811300,7580000,14212800,19739200,3633300,2644700,19694900.0,6084052,6191700,26832800,73464000,19629600,501148000,13703100,7635100,30867900,7058300,2257000,16907100.0,6565100,6229900,13420000,7316200,6004400,2298700,15139600,20062200,19073100,13544700
2023-09-30,169.22674560546875,509.8999938964844,127.12000274658203,80.67919921875,144.47802734375,191.67999267578125,25.74396324157715,611.224853515625,37.8912353515625,262.21875,111.20914459228516,199.845947265625,49.85404968261719,151.41001892089844,114.8258285522461,86.97190856933594,129.78729248046875,305.4696960449219,283.9439697265625,165.04046630859375,34.96520233154297,144.55413818359375,136.36949157714844,51.989933013916016,196.95106506347656,248.45945739746094,297.8724365234375,72.7763900756836,75.31268310546875,309.7741394042969,37.7599983215332,90.93795013427734,43.46860122680664,102.60154724121094,155.29141235351562,28.288389205932617,135.7902069091797,110.7468490600586,58.14910888671875,105.17912292480469,85.62371826171875,54.53584671020508,100.7677230834961,147.42095947265625,192.48577880859375,29.619680404663086,38.428070068359375,51.879573822021484,107.96278381347656,171.06520035560507,518.5800170898438,129.14999389648438,81.98665013342396,146.89906804653592,192.9499969482422,26.317514511539663,620.991382430117,38.591387904933846,268.51006725856234,113.81763722030797,204.78345147729001,50.26208361601026,153.098143598403,117.48902936117115,88.70269742172478,132.95114528457344,309.61410710818814,287.24237485812006,168.15831678827453,35.31928093774724,146.27115929388646,139.88638960320975,52.25926363727312,199.35800019149406,252.16597060256078,308.22124738927045,73.33608727603591,76.62214648866727,313.4237361635249,38.257999420166016,94.59943266094652,44.11315092531868,104.00612348501969,156.57450386873523,28.33956021269305,136.63738629385585,112.59609060728889,59.014484959845994,106.28717430596375,87.30298351554272,56.911851896924254,101.7519803480503,149.41427073292283,194.61264121557832,30.031810631600262,38.92652405569988,52.91761842672331,109.43191365420942,168.36681324873706,505.44000244140625,126.31999969482422,79.93416792830598,143.97444674004979,190.1699981689453,25.640537286371632,610.3266631633348,37.69776904788358,260.6435024135715,111.06061479310704,199.17579349679548,49.61294161632616,150.69168082116295,114.62653995944066,86.46840909255175,129.29139116656413,304.24239997548835,281.74504253145534,164.68312356860798,34.58161842547019,144.18289726555204,136.21903221009904,51.655592039100085,196.43936252929214,246.86555713288143,297.0290489070334,72.5665018522478,74.7225022275339,309.01872314440465,37.53499984741211,89.98691533484018,43.27673406437453,102.07846443907188,154.00830685364733,27.54642750100424,134.82201204480842,110.45818766989015,57.76118351330826,104.78136459587635,85.22031926602456,54.442304659994285,100.13889089452562,146.7719800040521,192.20219426958738,29.162750590587336,38.16473642790051,51.63952275888639,107.18230924234007,170.02736032081233,505.44000244140625,128.1999969482422,81.24938545254095,146.66664281939896,191.9199981689453,26.223489448588264,617.1906494160955,38.18603679659363,268.05862721244057,113.69696207019372,202.1126712589151,50.22498897887647,153.08916916765364,117.36221060413204,88.6082893896391,132.18745302372233,308.89664064143767,286.5657796690261,168.14937851922886,35.06355958434724,146.0576823121759,139.73594458475532,52.138528609078826,197.85129078547462,251.9584797757459,304.98662136210095,73.07178700251643,76.54837915555869,311.7362875557097,38.0,94.50433063216674,43.796371119268684,103.75426716020445,156.27205787200876,27.589068379992668,136.42325466562204,111.82031183079299,58.53703426012924,105.95570180645572,86.88082493844092,56.82766262437435,100.58545630992607,149.11758632059443,194.61264121557832,29.17171187510651,38.74783388362447,52.885179996868914,109.35845541083187,51861100,2796300,62411700,16481000,3579400,5158400,40645900,539900,16916100,2257800,5308900,4405100,13951200,7396100,3374700,4924165,30859800,1403900,3502600,3534085,28763700,7680700,11917800,12271600,2304800,3367100,25373700.0,3640744,6830500,24147300,42053000,34935400,397830000,7299100,5194200,42421400,6683300,1749500,10550300.0,4869300,7700200,11279200,4738100,3664600,2246700,10981300,13124500,18842400,18813600
2023-12-31,190.55044555664062,596.5999755859375,151.94000244140625,108.9266128540039,182.1685333251953,260.6600036621094,31.91079330444336,772.6390380859375,48.004661560058594,285.46099853515625,108.2898941040039,259.3326110839844,47.18780517578125,135.34017944335938,111.65597534179688,100.47213745117188,138.544921875,367.1807556152344,327.8446044921875,188.4501953125,49.58590316772461,146.63795471191406,161.13369750976562,55.16545867919922,212.1290740966797,281.3245544433594,351.2038879394531,86.31819915771484,87.04219818115234,369.67193603515625,48.6879997253418,103.60147857666016,49.49174880981445,102.5006332397461,156.844970703125,24.884029388427734,137.28427124023438,141.54222106933594,61.08342361450195,137.84263610839844,90.56542205810547,48.91505813598633,131.13856506347656,159.485107421875,233.48062133789062,39.21344757080078,46.70317459106445,51.32990646362305,92.64179229736328,192.40121377472641,600.75,153.88999938964844,109.71996310578236,183.10203934882148,262.2200012207031,32.21407712993685,776.7982261551114,48.163310236325536,287.94223813375737,109.67069368371698,261.8062731495287,47.25318783476382,136.31103566877397,112.70837506855933,101.14127275232337,139.20942786934887,368.00885702041273,328.79062848884115,188.86357134425518,49.9016737922272,146.78763170195052,161.69259397084912,55.21226388591517,213.49210720438072,281.647138218339,357.1968660595051,86.82353905744961,87.52757781503246,370.77296452657316,49.222999572753906,104.92786701170681,49.96646094313931,103.94923159050175,157.05738278031475,24.95317563327901,137.6777558859245,142.69393184752926,62.82411717566442,138.78616690436564,90.88613772474594,49.253441119739946,132.013310451827,160.64526210885288,234.35515007490403,39.693651580000505,47.04476684911313,51.46991201874166,93.20701375312703,189.75866796911842,592.9400024414062,151.02999877929688,108.77243509491456,181.38089550022238,259.55999755859375,31.797064129499105,769.6315009493508,47.79935632480692,283.0762825246593,108.04731976202716,258.849680499447,46.90759327112913,134.89557345150592,111.32363784459424,99.9447068794356,137.6423777840169,365.08678521297884,324.50514093881446,187.7313045110236,49.11224723097072,145.92692833902555,160.68847098531793,54.884623867895115,210.59446194621597,280.1859996278356,349.08056675900855,85.86813474965753,86.86484450651658,367.1552909116957,48.194000244140625,103.14344175580852,48.72121986722186,101.86869197239776,156.2262363328633,24.66794716719544,136.5254345428641,141.24057954345054,60.82480795495572,137.0420455743542,89.94284619216582,48.66127089817112,130.4940165694343,158.97986679414134,232.63460873868704,39.16814621875935,46.693683906321056,51.17036481637991,92.30821457530573,191.90635467026271,596.0900268554688,153.10000610351562,109.43502199932493,182.56721896224266,260.6700134277344,32.166686659606896,773.4004347453786,48.116650117401925,286.6002479422491,109.35347998759345,261.1755490237061,47.12242251679868,136.12956863874803,112.56990698067301,100.95233813008767,138.4854161342685,366.9904105134022,327.1634660597824,188.0098757877199,49.63524162200012,146.42276816467424,161.03896292625708,54.987597465275236,212.50081172098857,280.6793579387483,356.1947207179197,86.46032893147934,87.26621900282828,369.6326050173838,49.0369987487793,103.9736303084935,49.7825714182401,103.6381230705258,156.3832273738591,24.87538590174926,136.77838487365995,141.92612466206705,62.66496820184886,138.58603017788445,90.44278955295437,49.11244701463293,130.77025565262483,160.49556012460832,233.83234454529176,39.430898899379926,46.82652453564317,51.290834279373996,93.00316698468873,42672100,1893900,39823200,20558000,1915000,3686600,28060700,318500,13149400,2300600,3643600,3706600,12492900,7658600,1756600,4441133,18733000,881300,10325700,2394040,29288700,4313700,6435100,9244300,2631400,2227800,14987100.0,2887622,4772100,18730800,27406000,7667500,389293000,6899700,3291500,30363100,5300900,1572600,16807400.0,4839300,6135700,8641800,2517400,2920600,1228700,6441000,11733600,21948300,17746400
2024-03-31,169.93344116210938,504.6000061035156,180.3800048828125,129.8878173828125,222.1199493408203,192.99000549316406,36.191898345947266,798.4066162109375,59.57990646362305,355.416748046875,119.59562683105469,297.2099304199219,46.98078536987305,144.6869659423828,118.94926452636719,138.17971801757812,149.69277954101562,400.37994384765625,365.0652770996094,185.4561309814453,43.714012145996094,149.1181640625,190.91183471679688,57.72981643676758,244.02313232421875,269.0322265625,482.3102722167969,85.14314270019531,88.75263977050781,414.3601379394531,60.733001708984375,89.99957275390625,90.30503845214844,122.59310150146484,162.8527374267578,24.34606170654297,152.96197509765625,149.22848510742188,66.63375091552734,162.17445373535156,86.72608184814453,51.81220245361328,164.38133239746094,164.27989196777344,234.98129272460938,40.96111297607422,55.382545471191406,58.973148345947266,108.70938873291016,170.67667701496117,509.0,181.6999969482422,130.34645131209237,222.8711167533432,193.3800048828125,36.268254313163325,803.1757769361791,59.7023799613081,356.1830124727617,120.87351909256898,298.80857125851907,47.253766151502184,145.09972548883354,119.53545523041335,141.67495654175224,150.1886809085542,401.82737524806464,368.88150275669886,186.87472382044353,44.139573371770645,150.01368083726788,191.3121473467988,57.80530304638809,244.55959195062303,270.39670287701426,489.5710772928442,85.29565356652607,89.2899058666899,415.4927478182186,61.5,90.79441336754114,91.24850624285476,123.13964904710348,163.59716740800343,24.67067659891951,153.8010263425027,149.8194884228904,67.35987217847068,162.73961813038125,87.53270224129199,52.644068804832415,164.55756593413406,165.82641003318614,235.7743432228548,41.15354689278878,55.49721175266531,59.56121590558125,108.90578302512486,168.97218824939392,500.260009765625,179.25999450683594,128.52760164993737,220.80296886689786,191.1999969482422,35.71468447340565,795.8400768653567,58.9581049435227,352.60391498013354,119.06004016033026,295.68037409047514,46.8866557993589,143.4303243948572,118.07464238345138,137.23505977055575,148.93901491049212,397.78226082850375,361.37274572538007,185.39289289322772,43.25876183131705,149.042750155272,189.23431755076805,57.55996706565731,240.4307530930166,268.3642860250821,481.8831749511718,83.95513710633384,88.08340689391805,412.784318516005,60.159000396728516,89.47286454042016,89.14269241707345,122.19294530115666,162.2571962815255,24.319741037414673,152.4434570507742,147.640161055107,66.07673137496067,160.91000327538086,86.64067830488966,51.68931171302565,162.04375751872806,163.45004809251893,233.34742937069132,40.59456918608591,55.00033546812354,58.963348902421735,107.60583475632936,170.2010103030642,508.1199951171875,180.1699981689453,129.15184383348915,222.8711167533432,192.0,36.00101570961294,800.8198961754322,59.09942134714011,353.6611509093411,120.27215887171276,296.0454920455492,46.96195873760763,144.14577800767017,118.95857105626698,141.65921324103232,149.61344863987313,398.961268006395,368.42471391405394,185.59167669632484,43.30824490459669,149.12758540700398,190.13980217725017,57.69207133217168,242.18383591193466,269.3184701531713,489.521395786928,83.97118509923224,88.3661815513858,414.59650033328086,61.499000549316406,90.3730541030113,89.9492364441801,122.3783842667777,162.62010394504486,24.407474927790883,153.49935226950606,147.7324969568371,66.51439392187567,161.98287431866368,87.10567004493235,52.38883585409878,162.33131358097614,163.59149221260756,234.92396623211738,40.704530924834145,55.09588705762563,59.453403332707424,108.04538694443451,65672700,3897000,38051600,19856000,2295800,4471700,42262500,532100,19012000,2028600,4657800,4892300,18139700,8331600,3310500,12122274,24485400,2409700,4108200,3813340,54204200,6181500,8628300,13683500,2631200,3453900,15212800.0,5245776,6707700,21871200,37088000,11331700,435212000,6587400,5710400,40466700,7191500,1725300,10775800.0,5324000,6784300,8032400,3716200,4417800,2265900,7595000,14619000,17535100,18482100
2024-06-30,209.00355529785156,555.5399780273438,193.25,157.8386688232422,226.58538818359375,182.00999450683594,38.18846130371094,758.9619140625,60.30654525756836,324.2662048339844,108.15814971923828,253.71095275878906,45.087013244628906,144.9250030517578,117.90937805175781,157.08367919921875,180.86419677734375,436.1986999511719,329.8844909667969,193.96823120117188,30.774776458740234,138.8917694091797,193.90447998046875,60.52655792236328,212.20309448242188,244.74302673339844,501.322021484375,98.78761291503906,92.45516967773438,440.98760986328125,67.48799896240234,72.4598388671875,123.48046112060547,138.25340270996094,154.68309020996094,24.918052673339844,156.4830780029297,145.0360565185547,57.721397399902344,191.57876586914062,74.43755340576172,44.883853912353516,138.268310546875,184.76377868652344,217.42001342773438,36.83417892456055,57.0752067565918,66.59288024902344,108.53641510009766,214.41174043740799,558.47998046875,198.85000610351562,161.15170546715572,228.59143755149753,184.44000244140625,38.466929712390446,763.7914707431609,60.42058482851365,325.3272945046369,109.28342044239378,256.7503394144983,45.41916559969332,146.92627233309935,118.09672623055276,159.70222853506053,183.8231718610113,441.039769649783,330.88112906572627,196.33901678778673,31.11263338233784,139.75652047398808,194.23044543894838,60.916434560653144,213.26188725228815,249.20878405905967,518.8805251412638,100.50834709839762,92.57883381828879,449.3051447547128,68.69999694824219,75.99774810729735,127.6484495693471,139.83960633421668,155.89295207249089,25.042733150465757,158.68439919571304,145.38121246965613,58.44751483167115,196.15712127609098,75.42240363883226,45.30243877787069,138.89409836704527,187.95509320383812,218.55391843616644,37.186748875832365,57.13286950825805,66.97644520254899,109.87520511945945,208.68601906723538,548.010009765625,192.5,155.91869855700142,223.83563919107658,180.64999389648438,37.75635578386303,753.0623520483456,58.73853922101286,319.612971466009,107.45840499408172,249.84261235440454,44.92568489342739,144.69337505542063,116.9070502867676,156.02636847412768,180.6755507145743,433.5081311493474,326.50170022935544,191.78820845070481,30.526352361702315,138.40712137285797,191.0667680283696,60.40293628857516,210.19136031380597,242.8414800600317,500.94420066099576,98.27526030711498,91.47534963950397,440.4548051400977,67.30799865722656,71.67150075397441,122.69084094404647,136.36368556832483,154.3923524275669,24.615259898152704,156.1604750799758,142.57339179506846,57.59209146705246,188.14501399040182,74.2080755104275,44.56040081612158,136.47504578658788,183.78549015673576,215.5462028869229,36.48160897328873,55.82587646527721,66.20931529549789,108.12157591936332,214.1140398112984,549.7000122070312,197.72999572753906,156.88998680983812,224.3346990130585,182.60000610351562,38.15965549005364,756.2338299704455,58.94760451747118,319.7979350488822,109.1226695431955,250.15840139053796,45.12497413437622,145.94417189062182,117.64708059582003,158.35836555495897,183.0188920765721,434.0578226283021,327.11502498098395,194.51324056522319,30.556163935664028,138.77772690063284,191.74742919531556,60.7642898802241,211.92394765857804,247.33606224298063,514.1777300033583,99.58031093350904,92.0270881000408,447.02596302446955,67.9000015258789,74.15187699542348,124.5199608102888,136.53013617610895,155.03011228543215,24.739940375278618,157.5078294742407,142.7972755822298,58.00985610132595,188.52012998852413,75.26942080693304,44.950446876662056,137.8013140701877,184.40285163923843,216.11314805982494,36.68572897760282,55.82587646527721,66.75024407791615,109.23409329154175,82542700,5084500,76930200,69377000,3901100,5899900,52028200,769500,20053200,8891500,7191800,12619300,23921100,11283400,4029400,8641200,29156600,3839700,6344000,5097893,41467700,10495700,15307600,17358800,12630400,8958700,15855100.0,6196500,9058800,28362300,34124000,129967000,315516700,25814800,8755900,33189200,9253100,2706200,28102000.0,15547500,13207500,14139900,12772300,8861000,3492600,12212200,31074500,18816700,24565900
2024-09-30,231.4794464111328,517.780029296875,186.3300018310547,170.14146423339844,266.17572021484375,152.0399932861328,38.35044479370117,920.7265014648438,60.06168746948242,382.2981262207031,100.27328491210938,270.9471435546875,50.93850326538086,137.97454833984375,115.95762634277344,186.93418884277344,164.89779663085938,480.28826904296875,390.66082763671875,188.7916259765625,23.459999084472656,155.16998291015625,203.26930236816406,68.80213928222656,261.9700012207031,294.1468505859375,569.69287109375,132.8610076904297,100.0536880493164,425.324951171875,70.927001953125,85.36580657958984,121.39186096191406,167.31509399414062,160.69943237304688,26.136728286743164,165.32791137695312,174.0856170654297,77.61503601074219,164.4057159423828,93.78007507324219,40.16960144042969,146.71060180664062,197.47662353515625,238.11012268066406,42.900543212890625,54.702964782714844,79.64411926269531,111.40607452392578,231.4794464111328,518.469970703125,188.49000549316406,170.55571990551266,266.45053169487323,155.3000030517578,38.45675961986338,922.4331581797612,60.10006642388271,383.90114967871966,100.55902096674664,272.9566513835614,51.02464518498495,138.1712854575804,116.63679035732945,187.0630591210542,165.19606207708327,481.6560625398781,390.76686654879893,190.70045096361767,23.950000762939453,155.2848764098711,203.36570837610932,69.12766774307141,262.3762147005147,294.6491432062313,571.9221116471715,134.07590354500616,100.20726591600403,425.4435890958682,71.12100219726562,86.66946841935605,121.45183473616015,167.43293171747405,162.29650634052211,26.362512044556027,166.0915536169806,174.52824865767204,78.17703377470394,166.51335046269435,93.97246859787815,40.66753256694498,147.1718426670868,199.51284924171242,238.6221239649325,42.94744884270911,54.73201456353698,79.83151959834315,111.567641052515,228.15130238402674,511.739990234375,184.64999389648438,167.31070961553766,262.33815386543614,151.24000549316406,37.71255952360636,907.5969160286774,58.756835960039425,378.095126382939,98.93034289508151,266.4232964152831,50.39293899160977,135.17326738999245,114.58987067771997,181.4920968200657,162.32265529939457,474.2641811938553,384.70255295064015,186.52660133856685,23.09000015258789,153.84864922320168,197.8708895320446,68.63937505180414,258.3139323172075,291.8188647582937,562.0895207658488,131.432288979026,98.97867227448604,420.451958019216,70.28199768066406,84.7188050738023,118.1031642748816,163.43660729024324,160.25527519559216,25.9922268195504,164.8601916109503,171.0907908534542,76.82923631233898,162.18205442160757,92.74117939645815,39.79615400874266,145.1668747665044,195.1153538256258,235.19268529424608,42.093753496800126,53.7249136294655,78.766308519254,109.25816491983805,228.53875664504176,513.8300170898438,187.13999938964844,169.52007320014678,265.09609298894054,154.7899932861328,37.915522180709615,915.6647101087848,59.17899347838699,380.5973821663252,99.43513696058028,271.18474152029273,50.74707637168686,136.19446483719497,115.34449176315101,183.46473474055185,162.38232355982177,480.0748834289237,385.84023514081923,190.0611398674071,23.739999771118164,154.7008247129483,198.88309377750343,68.93618127254393,259.6293296078866,293.41270565866495,564.9756280044119,133.95927828865376,99.57376820041121,423.25911892558076,70.69999694824219,86.62118164592769,118.26309688166123,166.4313934731423,161.20028801234665,26.290261310959647,165.83382126585266,172.1079008290182,77.45589083536082,165.68189492891997,93.68388198045548,40.188753059080014,146.07051215616315,197.02731215968547,236.68038407972406,42.46900569268832,53.89921970244021,78.79589646174385,109.73336571050419,54541900,2587000,41583900,16902000,2113100,10902200,35055200,362200,11316400,2251300,6584000,5059700,17807500,7491700,3566600,5628400,20413900,1602500,3442000,2784488,66308200,6010000,8663800,18015300,2032800,2286500,12792300.0,3814000,3378600,16807300,17099000,12027100,226553700,10210300,5054300,27464700,6296600,1493300,6846900.0,8099700,6436400,12219600,2934400,5459100,2923200,7028300,16284200,18997000,13247600
2024-12-31,249.05946350097656,444.67999267578125,219.38999938964844,229.2827911376953,292.0528259277344,177.0,42.71365737915039,998.9572143554688,68.13471221923828,355.851806640625,95.11390686035156,331.3328552246094,57.095176696777344,137.0821533203125,116.4595947265625,165.60369873046875,188.42886352539062,558.229736328125,377.0073547363281,207.32467651367188,20.049999237060547,139.58251953125,232.496826171875,60.062774658203125,239.72120666503906,281.7088623046875,583.170166015625,126.13197326660156,121.62510681152344,417.4606018066406,89.13200378417969,73.44570922851562,134.2460174560547,163.99110412597656,144.92221069335938,24.332332611083984,160.97105407714844,183.1432342529297,84.89610290527344,149.2979736328125,88.32046508789062,36.94557571411133,128.16470336914062,180.43580627441406,221.56744384765625,45.34046173095703,68.40990447998047,89.3100814819336,103.07476043701172,251.90392569582917,448.5,223.22999572753906,234.84081255583195,294.0996130123136,179.35000610351562,42.98577960253729,1007.7471136961519,68.68644919194259,358.8044654909219,95.23859449313899,334.1275823385823,57.26877718828137,137.55537258566142,116.68760952124624,167.3511904189493,191.07662611886298,562.421663037551,379.40126884669303,208.84824358013358,20.399999618530273,139.6307808518437,234.17476411638413,60.22677708528704,241.08104549015667,283.02073945545715,591.5963188432811,127.0699819783867,122.69895298941094,422.64049156656444,90.26799774169922,74.14454630502608,138.02479365615312,164.6406164259822,145.96104195385513,24.442391180553404,161.38393110076504,184.36829795585803,85.44318101324087,151.4555162330483,88.82376750279218,37.17684854008992,129.50153360212545,181.96583151486655,222.98601061276779,45.7954774123805,69.07218747169775,89.89329457858898,103.39097183216127,248.07483671879714,442.80999755859375,218.94000244140625,228.75863826788742,290.95070749523205,175.82000732421875,42.48040711097073,993.5293099549152,67.90240385834954,354.91006680109547,93.12857095423352,329.43008417458566,56.68046482030303,135.64357715153605,114.53095358118085,164.96825133927425,187.6424905201336,556.0655547228214,375.36941194621,207.05850733376718,19.8799991607666,138.3181524590472,231.83728054536303,59.619009446212985,238.74016632158202,280.4358052821021,581.5167657457517,125.71183362584648,121.12203988051472,416.6286554798762,88.9469985961914,72.58187101036562,133.7861766339878,163.20381785471855,143.85478881413675,24.176414846544457,159.95328532953133,182.48796189222398,84.5977028735993,148.8995200475095,87.68165050819516,36.47339537921859,127.32089131148955,179.04051335075084,220.50838530748737,45.14138943221792,68.2345940577432,89.02341844006314,101.35956181217719,251.0684930674946,446.3500061035156,222.97000122070312,233.27823821340093,293.29269414906196,177.5399932861328,42.801125766294355,1004.5118664113503,68.28958938313055,356.57770490589655,93.32039526723366,333.25546633898784,57.1144660490631,135.83286196937442,114.85397393627784,167.3015430141155,190.2006709297877,560.6181783664647,377.9959530933816,208.4811223872622,19.989999771118164,138.75247488981566,232.8265915853147,59.83124658241367,240.15829665731746,281.89347292191195,589.9031610994577,126.23945327619003,122.21523876084515,422.016524265212,90.18000030517578,72.6983463248279,137.98479821279548,164.5422000109862,144.6744204835491,24.213100453251123,160.69261371542126,183.60856167546353,85.27905758085063,150.36703161652957,87.81716267298907,36.49266842104654,128.46810362070607,181.54242904244552,221.528585706802,45.46369265857744,68.69234946195228,89.52755051656506,101.73326352987394,39480700,2285100,24819700,17927700,1231300,9748600,16110400,619400,6393000,1168100,5556400,3026000,14173000,6137800,3302500,2806900,17466900,1055800,2179700,2054945,49846700,5811400,4871000,9256700,1397900,1915600,6019500.0,2220300,2970000,13246500,18759000,9425600,155659200,4307500,4274800,27085500,3957600,1011500,4533200.0,4423300,4220700,7817100,2830200,3050500,1784700,4521400,7031500,11267700,12387800
2025-03-31,221.16607666015625,383.5299987792969,190.25999450683594,166.08428955078125,265.3780517578125,170.5500030517578,40.812049865722656,927.3680419921875,69.19132232666016,324.7054748535156,101.54199981689453,265.9542541503906,59.92149353027344,160.08583068847656,122.70361328125,199.09617614746094,154.1056365966797,535.2022705078125,357.4545593261719,195.3869171142578,22.709999084472656,161.34461975097656,239.14736938476562,69.6023178100586,227.5302276611328,305.3070373535156,574.5675048828125,144.20260620117188,113.62091064453125,372.5379943847656,93.25299835205078,61.92588806152344,108.35446166992188,137.92578125,144.16519165039062,23.62512969970703,164.6284637451172,168.29884338378906,64.90299987792969,150.09323120117188,95.45616149902344,40.5601692199707,99.7879638671875,174.1991729736328,230.79666137695312,40.501651763916016,70.26472473144531,87.01785278320312,114.97938537597656,224.64092215942225,384.79998779296875,191.3300018310547,166.5902001599504,266.6504545451552,172.2100067138672,40.978312255126,930.1996995878642,69.3960006585279,326.8518226169843,101.96743048965067,266.0434739540373,60.10598923975928,161.64564117424183,124.04316648081289,200.50871300562434,155.0025205393741,536.27998037058,359.6490879078926,196.02359676781157,22.75,162.11321376385112,239.69332104124126,69.91330244569295,229.23746046009123,306.11828703374795,576.9002542510486,145.06668761914767,113.97150289466141,374.20522334023684,93.447998046875,62.42340437259922,110.9338556226425,138.69526800264427,146.71312330130766,23.709039141896405,165.32399652373778,168.97865642240512,65.0820429397665,150.32774197411564,96.1665633843925,40.9288990742253,100.07482371304577,174.6838673974836,232.61380462554087,40.61676675232714,70.53877455595479,87.42424273700671,115.92683499640438,215.29167046357225,374.6700134277344,184.39999389648438,159.32902671951672,255.46522402432785,166.7899932861328,39.70690583394375,901.863687755309,66.67669750936476,317.0259756603336,98.63168871965867,256.8664761709444,58.494100217028965,158.9757959309468,121.01959415891996,193.42619048144016,150.13939385440554,517.8615642234465,343.95577375532247,193.55070431145347,21.75,159.7782609592967,231.40651869928774,68.50414752292905,221.1988424079644,297.55634872169117,551.5792239532071,139.60728182147395,109.24825568541524,364.449889664545,90.05899810791016,61.11620997987761,103.6255803841977,134.9168830233029,143.98250699030416,22.94453247152198,162.38731403418996,163.8752080432978,63.0628397133312,144.4944188185275,92.04041458278269,40.04589073750605,96.0970708125656,168.63489045451374,224.97398266310347,39.48479233120588,68.08210082802023,83.62793486452736,113.87725446859893,216.06828445549021,380.0,188.19000244140625,163.16793224400578,258.9075836269044,170.64999389648438,39.88294660823717,914.7481185331535,67.739076579929,320.5999068392945,98.83473316527548,262.17841157206,58.87279647777011,159.03320975958107,121.14397915601725,196.48997567149775,152.58092477046202,522.9853950352327,344.7848238392345,194.5380208685317,22.3799991607666,159.91446542617436,233.4051034157958,68.73739156049872,221.1988424079644,298.1036842475483,561.7475141060938,141.38454291666238,110.73826903346554,369.7096411618319,92.0530014038086,61.301557077770944,105.10522740758995,136.77155112103358,144.41517269144535,23.121673046570777,162.38731403418996,165.34017372956544,63.93815713296591,147.3573318213033,94.02563901056169,40.13322139505188,97.53135545155912,170.05018988880607,225.24752982678743,39.70543091709365,68.41488094870866,84.01450405372945,113.87725446859893,65299300,3960700,63547600,35656400,3946000,7477500,36390000,1195500,15568400,2837500,7905800,7585800,29335700,10675300,3149100,6923100,54603500,2455100,4498800,4210366,65832000,12481400,13603000,24016900,3465700,4418800,21124700.0,4508600,7616600,35184700,46341000,17400000,299212700,15509900,9985700,53498100,11520100,3595700,11562000.0,8613600,11302900,13596500,7069200,9222700,3478100,10548400,14855300,30269300,21652300
2025-06-30,204.54754638671875,386.8800048828125,219.38999938964844,274.0780944824219,315.6711120605469,209.52999877929688,46.55180740356445,1033.5074462890625,83.6267318725586,384.05352783203125,87.5064926147461,271.0992736816406,67.8189926147461,138.6926727294922,115.49388885498047,256.0348205566406,175.83364868164062,696.8414306640625,359.8232116699219,215.9820098876953,22.399999618530273,149.8834686279297,284.37939453125,69.24568939208984,217.59007263183594,287.18341064453125,736.3606567382812,150.21739196777344,138.27938842773438,494.5372009277344,133.91299438476562,69.7613525390625,157.96376037597656,216.45831298828125,128.34759521484375,23.03070831298828,154.8650360107422,180.3532257080078,73.92476654052734,156.54864501953125,89.79734802246094,33.07379913330078,95.40648651123047,202.98159790039062,226.14047241210938,43.887874603271484,78.84796142578125,97.1543197631836,105.17898559570312,206.7608124915243,390.9800109863281,223.82000732421875,276.1263448651512,316.8091766403416,214.7100067138672,46.846936456711646,1038.3635313220468,83.9411177726394,384.98346591126426,87.9452971967269,274.7677506070595,68.20999436746139,139.57409488145575,116.25670364862367,256.53218798735924,180.82240351749414,703.2904633231717,364.0530750286984,216.61267841060948,22.969999313354492,150.0993412699026,287.0671140098136,69.28483979452102,220.50278185593857,288.5693191154696,746.1476691378697,150.43447032044884,139.25125661985166,497.86785899517616,134.11500549316406,70.41929141662386,158.6336472456001,225.9530501355281,128.6586537774234,23.163723376413788,155.42880476087083,181.62059126794028,74.14359779652696,157.13843621473808,92.27675294214016,33.46520654213371,96.3832807706944,203.72462843827014,228.02759554102215,44.324329344824264,79.81239805425761,97.51201678557753,106.19369279204032,198.6554726965608,384.6300048828125,219.1199951171875,270.5781782740851,314.29551655380675,208.02000427246094,46.266514359322045,1025.6866327875537,83.1256767677091,380.689936787767,86.88242193058215,268.82262383127994,67.20316988819275,137.92747687289466,114.760040499463,252.5333344159663,174.1873656755976,692.1154252089973,357.9388963458588,211.75288367838706,22.270000457763672,148.67655520049212,283.4082903268862,68.59971895273907,215.4128957377705,285.91541928106136,732.5296271967599,148.99386080324533,136.99339055424824,492.4691970236715,132.12100219726562,68.79898825427311,155.93409881773164,216.2107962840847,126.93814632936511,22.91669591925051,153.7083089051112,179.74372343387915,73.26828036134997,155.1135094430148,89.25835280437613,32.99551989117681,94.91325274358367,201.82796720742368,225.87509126971682,43.79088630508927,78.64129643396488,95.69372485183757,105.10092890555543,201.39712965217615,387.29998779296875,223.52000427246094,273.16335779257923,315.2752372493071,213.8800048828125,46.846936456711646,1034.226474404477,83.4105901608372,382.1738766770749,87.28222116486404,272.85893751872624,67.28137173028342,138.5473750807455,115.8704672843068,254.96048990642507,180.3734186271616,703.2609569630578,362.41411154656055,212.24443966493956,22.969999313354492,149.3045442573842,284.86003722869964,68.63886935517024,219.7476461048331,285.91541928106136,742.8054817668852,150.2568539155028,138.91747417314232,494.1693427257206,133.10000610351562,70.16396905664739,158.37368067249696,224.25013400207814,127.53108873620506,23.002204308456676,154.8067012963445,180.75955563668904,73.5467901094144,155.69346128559317,90.5715484947525,33.17165285187786,96.325248494264,202.46343971891963,226.98574771961918,44.03336075041121,79.20224641411356,96.60784367605274,105.9985585105668,91912800,4645500,58887800,24708400,3416600,9087100,47921200,530400,18035200,2791400,6518900,8541900,32561200,6980300,3491200,8135800,63378900,3976400,4600700,4308721,77102400,9039300,12689200,15429000,2735300,5054800,15402100.0,2302800,8034400,28369000,32829000,31090400,194580300,31844200,11402400,44730900,11238200,2306800,7738000.0,7988200,10083300,13101500,4933600,5319900,3579000,13621100,21685800,17803000,19199000
2025-09-30,254.14559936523438,352.75,219.57000732421875,328.5906677246094,329.5443115234375,215.8300018310547,51.0347785949707,1153.79931640625,100.37520599365234,473.7704772949219,92.99668884277344,236.0277557373047,67.28277587890625,152.08702087402344,109.15750122070312,300.039306640625,242.77020263671875,788.2730102539062,399.9125061035156,196.24220275878906,33.54999923706055,183.2758331298828,310.9031677246094,65.40768432617188,247.77297973632812,300.3992004394531,733.1538696289062,153.8258056640625,157.1319122314453,515.8051147460938,119.89199829101562,68.8307876586914,186.55950927734375,279.03802490234375,137.84812927246094,24.626577377319336,150.3749542236328,196.07972717285156,66.703369140625,164.4583740234375,83.45500183105469,33.90068435668945,87.69154357910156,180.9236297607422,233.77366638183594,47.3780517578125,82.97380065917969,102.63969421386719,111.03230285644531,255.4331385813304,362.0,222.24000549316406,329.72609296966556,340.2592516199456,217.67999267578125,52.004231192630655,1171.2467913967898,102.47171547537924,474.0584317924693,93.46860685267359,244.20408256963498,67.6269569593281,152.5179479355468,109.63455206892205,300.6876136457226,242.9599320717839,801.4084388502719,401.6989289059962,196.81089216288103,34.2400016784668,183.83924898722276,312.85476301381095,65.7232820209826,250.03075796365334,300.98241943192176,741.7294934738761,153.86546507214686,160.36429525228257,516.0142062084105,120.8499984741211,69.30459351569392,187.32942897828707,281.7764252026331,138.42723700559955,24.771552937706648,151.0894050730471,197.89482907656566,69.45864239194937,164.93288301958833,84.09620608059149,34.32481310478554,88.19012636701954,181.1599693133221,234.3967511825126,47.76036937768079,84.26067961963784,103.51611022607631,111.76102717505447,252.6284867333586,349.8999938964844,217.88999938964844,323.3118446022923,325.5658797651111,212.8300018310547,50.47091334708321,1142.5470390093737,98.0413582359264,466.9094152075619,91.97421357294066,234.84263503870963,66.56491355439566,150.75507129479905,108.08656013395803,293.147236109462,238.92541967317948,778.4734570758554,398.2247868505837,194.33105076979922,33.02000045776367,178.97614483278656,305.65950932869447,65.0526359789545,246.11663181838875,298.5308965734432,725.087343094007,151.09980369511027,155.03628270038138,507.54943619028296,117.80000305175781,67.93251911115298,181.4600633204032,273.73983800556215,137.24938645324812,23.01251195982159,149.58222171056255,192.6349393223792,66.49448684177712,162.99529581942383,83.04068801792747,32.96365563967231,85.30618216695159,178.54059561867854,232.24070392173286,46.53499047320056,81.82551528654369,102.30108446244459,110.23464525787536,254.37515755125318,360.5400085449219,222.02999877929688,328.7998194074157,338.90997587505933,217.10000610351562,51.91519963908828,1164.4677361148501,101.9574737417256,468.2796459114551,93.01635615616385,244.04473528998338,66.58457782931197,151.69527715121956,109.089351099529,293.945147740601,242.48058753408858,797.330230709602,401.3337528807513,194.79719828553428,33.93000030517578,179.59884936490977,311.71140689202116,65.16112339196218,249.25186825335913,299.272281250364,741.0107248479524,152.50742529508938,159.5339591597725,511.11459757878936,120.64099884033203,69.16639951315082,182.06000352373024,281.46885476642854,137.5831080305976,23.05117309243915,150.18901660551364,197.30932145984053,69.45366412535375,163.74660298702673,84.076480076882,34.23604188396058,86.51841550483545,179.95860288271777,234.3967511825126,47.56430800505203,83.80532442425007,102.57994133968202,111.62316061513285,37704300,5360700,48396400,20109500,3327300,9289300,29945000,691600,17789100,2315300,7318300,10801100,20498900,7755700,7130000,4112400,34724300,2463900,3211600,4437420,124818400,11569000,11823300,13815000,3114400,2640100,16226800.0,2177100,5547100,19728200,38303000,40567700,236981000,23880800,7583400,164867300,7762600,1516700,21464800.0,5593300,7574200,18281900,16872300,3873100,3797500,10181200,11429000,13873400,18076200
2025-12-31,271.6058349609375,349.989990234375,230.82000732421875,345.3755187988281,367.96673583984375,217.1199951171875,54.69082260131836,1064.414306640625,116.08492279052734,570.44677734375,92.88714599609375,264.2491149902344,76.20706176757812,150.9335174560547,103.2170181274414,307.5819396972656,312.7798156738281,874.3982543945312,341.81475830078125,194.12620544433594,36.900001525878906,205.85565185546875,319.1398010253906,69.43258666992188,238.9348602294922,303.9321594238281,659.5253295898438,159.38482666015625,176.55670166015625,482.5186767578125,93.76000213623047,63.28990936279297,186.4899139404297,193.71954345703125,142.24913024902344,24.489770889282227,141.2361602783203,205.56097412109375,58.20377731323242,169.9587860107422,83.67041015625,38.154998779296875,96.76585388183594,172.36492919921875,230.11744689941406,52.81465530395508,92.74417114257812,111.18183135986328,119.54319763183594,273.42414083736213,352.8800048828125,232.99000549316406,349.1476049485987,372.36302352805154,219.32000732421875,55.108459789512295,1079.3511717354747,117.01010070948152,576.4911087733359,93.85957421557826,265.43614865310394,76.98862284144661,151.0721605884844,104.06233473331206,312.9041732944955,314.3586907819443,881.3616079562624,344.4074101353893,196.07652925975836,37.58000183105469,206.40274650834,321.77437689354394,69.68087941428185,241.14428015560253,306.4978135731772,664.4311023248911,160.6192777596669,178.72475783751926,487.0284031238816,94.30999755859375,63.77667628841821,190.54969193131708,195.9955500527643,142.75460873891723,24.60779470873484,142.05415116269117,208.18059255227803,58.861784909030874,172.67136567393374,84.63419594025031,38.54271180227344,97.44890938488685,175.03747191406055,232.2761639260576,53.418421638333086,94.21693604731591,112.02010735046017,120.45711186085562,271.49595243002375,349.69000244140625,230.1199951171875,344.6969495441743,367.8871477160711,216.13999938964844,54.621216403286034,1064.1557363515249,115.76658240926534,569.6302386185839,92.69861074986531,263.73042322787006,76.05866275772435,150.20068083551584,102.82384639229483,307.4221687757797,311.22091551782626,872.1998023409884,341.6856168104928,194.08640973453046,36.869998931884766,205.27871705590465,318.9615289550125,69.40278517567238,238.80605488021263,303.6537161025961,658.8758612620638,159.32508192479526,176.42740952098586,482.1993981667827,93.19999694824219,61.511711319612445,186.47991997410415,193.54063496465824,141.89231745507723,24.47009994005263,141.15731615281692,205.2162969762268,58.16389714301861,169.91903270116217,83.58099048417144,38.04564304618376,96.22138825584146,172.3152504154094,229.9682175948573,52.79485925315622,92.66456817935804,111.0920117244312,119.07631597585063,272.80472532736104,351.010009765625,232.91000366210938,348.9979250326745,371.26891448099457,218.92999267578125,55.00902344753849,1076.954480083971,116.79124027427012,574.8580313230038,93.72065589850905,264.6281718494961,76.51374751949199,150.91370697685954,103.87557647181383,311.68597715539187,312.62992729269524,879.4715305603999,343.2054545136881,195.38993559420962,37.400001525878906,205.8158700525786,321.2395304565584,69.59149008611978,240.17332668641484,306.07020960629336,664.1813161961976,160.45003898604452,178.52584218490833,486.7290680267604,93.5999984741211,61.83953719117328,189.55975523635485,195.22031530553,142.5563827697631,24.55861733566085,141.91617770255507,207.79651428809117,58.85181296488624,172.50245201183196,84.56464477957543,38.32400033604721,96.42928062400797,174.6599465087494,231.9279773948885,53.388725674279485,94.03781609392996,111.50117568205769,120.37763974026633,27293600,2116200,24383700,15346100,1469300,5563000,16293000,327600,6203300,1163900,3551700,3367900,13570500,4953100,2377400,2555700,16377700,1221500,2317500,2027300,51524700,4083800,5048500,8127800,1615200,1903600,7940400.0,1201700,3098100,15601600,23495200,35457400,120100500,10341500,4380300,29409200,5293200,1315100,13027300.0,4682600,5293400,6157100,4290100,3426900,1768600,6050800,7919300,11487400,10559900
2026-03-31,253.7899932861328,243.0800018310547,208.27000427246094,309.510009765625,301.5267639160156,199.02999877929688,48.75,961.7100219726562,113.41000366210938,707.1138305664062,132.0,186.2042999267578,77.17182922363281,206.89999389648438,143.45616149902344,283.7699890136719,287.55999755859375,845.989990234375,328.8900146484375,226.02999877929688,44.130001068115234,244.44000244140625,292.6622314453125,76.05000305175781,235.15122985839844,310.7900085449219,572.1300048828125,145.22999572753906,164.57000732421875,370.1700134277344,96.1500015258789,52.81999969482422,174.39999389648438,146.59799194335938,155.2899932861328,28.079999923706055,143.36048889160156,206.503662109375,45.22999954223633,128.77999877929688,89.58999633789062,51.38999938964844,121.19999694824219,194.13999938964844,242.6199951171875,52.0099983215332,79.61000061035156,124.27999877929688,169.66000366210938,255.47999572753906,244.02999877929688,210.27999877929688,310.30999755859375,303.5104828190895,199.3300018310547,48.77000045776367,967.0800170898438,113.7699966430664,707.5430061848704,135.1999969482422,188.02973632874367,77.76860162650806,213.10000610351562,150.12437304072694,286.489990234375,288.0799865722656,848.5,331.44000244140625,226.67999267578125,44.22999954223633,245.3300018310547,293.56760164880984,77.0199966430664,237.63928673025885,311.67999267578125,573.6900024414062,145.2899932861328,165.2899932861328,372.8999938964844,96.26000213623047,53.11000061035156,174.6199951171875,146.88697592301912,157.6699981689453,28.309999465942383,143.83689723418516,206.81129646095923,45.470001220703125,129.2899932861328,90.0999984741211,53.0,121.33999633789062,194.55999755859375,243.72999572753906,52.130001068115234,79.73999786376953,125.0,174.3800048828125,247.10000610351562,239.50999450683594,204.13999938964844,296.3399963378906,296.64218162621756,190.35000610351562,47.369998931884766,940.530029296875,108.3499984741211,670.7230886755175,128.35000610351562,181.85517650417125,75.89872892894806,201.9600067138672,140.65788104224586,275.79998779296875,277.0899963378906,810.0,323.4100036621094,222.1199951171875,41.599998474121094,242.64999389648438,283.4991344325332,75.51000213623047,231.32957814783543,307.5400085449219,546.77001953125,141.77999877929688,159.64999389648438,363.07000732421875,93.02999877929688,51.689998626708984,166.9600067138672,139.36326546789041,154.1699981689453,27.790000915527344,141.21662863285317,201.5219420203958,44.279998779296875,125.77999877929688,87.45999908447266,51.040000915527344,118.77999877929688,188.47000122070312,238.1300048828125,50.720001220703125,77.44999694824219,122.83999633789062,165.97000122070312,247.91000366210938,241.6699981689453,204.85000610351562,299.3900146484375,302.02518819690084,191.1300048828125,47.68000030517578,950.3200073242188,109.0999984741211,678.7078873502261,132.75999450683594,184.43871140340727,77.47021542507044,210.89999389648438,147.85202310613496,277.92999267578125,278.0400085449219,823.9000244140625,328.489990234375,225.6699981689453,41.95000076293945,243.00999450683594,287.0012007453536,76.52999877929688,235.4398529596349,310.2300109863281,549.97998046875,144.41000366210938,161.5,364.54998779296875,93.02999877929688,51.93000030517578,166.97000122070312,139.8116962252777,157.6699981689453,27.989999771118164,143.73765369955214,203.34791149864634,44.7400016784668,128.39999389648438,88.0,52.220001220703125,119.9000015258789,190.27999877929688,240.7899932861328,51.18000030517578,77.83000183105469,123.43000030517578,172.6699981689453,49598100,4575900,58470100,29289500,3516600,9668300,49060600,800200,18267700,3002200,13519300,11041400,25105700,17403900,6302500,7828800,43875400,2689800,5749100,3479000,95294900,7554200,12956900,18301800,2636400,3021300,32898300.0,3384900,8081700,45244400,54270000,36422800,226181300,24492000,8033800,44841500,10407500,2122500,12695000.0,12219800,9564200,22268600,4662100,7277900,4177200,15709800,19097600,21330400,32006700
2026-06-30,271.3999938964844,243.14999389648438,258.44000244140625,411.92999267578125,320.7272033691406,226.48500061035156,53.45500183105469,1062.8299560546875,128.89999389648438,885.0549926757812,127.11000061035156,177.72610473632812,90.48999786376953,193.41000366210938,140.0,289.57000732421875,376.05499267578125,922.1900024414062,327.8699951171875,213.92999267578125,93.9614028930664,229.35000610351562,312.8450012207031,78.51000213623047,236.02999877929688,292.80999755859375,606.1849975585938,146.25999450683594,189.08999633789062,403.07000732421875,93.20899963378906,44.154998779296875,201.11000061035156,162.33999633789062,157.67999267578125,26.71500015258789,146.7050018310547,222.67999267578125,50.334999084472656,185.44500732421875,104.8499984741211,56.27000045776367,128.05999755859375,276.44000244140625,265.8800048828125,56.584999084472656,81.91999816894531,131.07000732421875,155.08999633789062,272.2099914550781,243.55999755859375,273.8699951171875,418.3800048828125,320.7272033691406,227.77000427246094,53.4900016784668,1064.1500244140625,128.9199981689453,889.6400146484375,127.11000061035156,178.6934051513672,90.56999969482422,193.43499755859375,140.05999755859375,291.55999755859375,378.2200012207031,922.1900024414062,329.20001220703125,214.58999633789062,95.65399932861328,231.16000366210938,313.92999267578125,79.11000061035156,237.98989868164062,294.5199890136719,620.760009765625,146.4199981689453,189.25990295410156,414.4200134277344,93.26000213623047,44.209999084472656,210.3000030517578,165.17999267578125,158.77000427246094,26.90999984741211,147.30999755859375,223.02999877929688,50.45500183105469,186.889892578125,105.76000213623047,56.459999084472656,129.39999389648438,277.82000732421875,268.04998779296875,56.88529968261719,82.44999694824219,131.36500549316406,155.08999633789062,268.1400146484375,236.31500244140625,257.45001220703125,404.2301025390625,312.2300109863281,224.61199951171875,52.150001525878906,1033.5,126.55000305175781,852.6300048828125,123.78800201416016,173.0,89.31999969482422,188.5,136.0,284.8699951171875,365.82000732421875,905.2000122070312,322.239990234375,209.4499969482422,91.5,227.81500244140625,306.57000732421875,78.3499984741211,233.89999389648438,290.2300109863281,600.0,143.8300018310547,184.89999389648438,400.1300048828125,90.7699966430664,43.51139831542969,198.6999969482422,160.3300018310547,155.27999877929688,26.274999618530273,145.9499969482422,216.63999938964844,49.439998626708984,163.55999755859375,103.83000183105469,55.100101470947266,127.70010375976562,266.337890625,263.20001220703125,55.55500030517578,80.0199966430664,127.94999694824219,151.33999633789062,270.5,240.11000061035156,273.0400085449219,415.5199890136719,313.3699951171875,225.89999389648438,52.61000061035156,1041.0,127.69999694824219,856.6300048828125,124.53500366210938,178.3000030517578,89.81500244140625,190.25,136.72999572753906,285.010009765625,374.1600036621094,910.4099731445312,322.239990234375,209.51499938964844,95.65399932861328,227.9499969482422,307.07000732421875,78.79499816894531,234.47999572753906,290.54998779296875,619.3200073242188,144.0,185.60000610351562,410.7875061035156,91.33999633789062,44.09000015258789,209.93899536132812,162.02000427246094,155.97999572753906,26.388999938964844,147.08999633789062,217.5500030517578,49.801998138427734,171.86000061035156,105.5479965209961,55.244998931884766,128.49000549316406,271.1000061035156,264.3399963378906,55.939998626708984,80.81999969482422,128.02000427246094,152.42999267578125,13748612,1273488,44942500,7354983,1598637,1445724,6978579,107903,1911246,2262606,2415684,5420139,4779579,3112101,830067,2091144,32262733,464567,838063,572878,75327929,1864293,1984008,4389466,406774,885210,25624791.0,936521,1191474,27373936,13784530,6503631,94074003,7721678,1387086,12850403,2051028,497600,4162133.0,33081802,2431640,2535919,732152,2021441,521271,2664971,3534822,4740281,4235011
